-- phpMyAdmin SQL Dump
-- version 3.5.2.2
-- http://www.phpmyadmin.net
--
-- ホスト: 127.0.0.1
-- 生成日時: 2016 年 5 月 30 日 00:39
-- サーバのバージョン: 5.5.27
-- PHP のバージョン: 5.4.7

SET SQL_MODE="NO_AUTO_VALUE_ON_ZERO";
SET time_zone = "+00:00";


/*!40101 SET @OLD_CHARACTER_SET_CLIENT=@@CHARACTER_SET_CLIENT */;
/*!40101 SET @OLD_CHARACTER_SET_RESULTS=@@CHARACTER_SET_RESULTS */;
/*!40101 SET @OLD_COLLATION_CONNECTION=@@COLLATION_CONNECTION */;
/*!40101 SET NAMES utf8 */;

--
-- データベース: `p11autodata`
--

-- --------------------------------------------------------

--
-- テーブルの構造 `tb_element`
--

CREATE TABLE IF NOT EXISTS `tb_element` (
  `eid` int(11) NOT NULL AUTO_INCREMENT,
  `sid` int(11) NOT NULL,
  `ename` text NOT NULL,
  PRIMARY KEY (`eid`)
) ENGINE=InnoDB  DEFAULT CHARSET=utf8 ROW_FORMAT=COMPACT AUTO_INCREMENT=5028 ;

--
-- テーブルのデータのダンプ `tb_element`
--

INSERT INTO `tb_element` (`eid`, `sid`, `ename`) VALUES
(1, 1, '翔太'),
(2, 1, '蓮'),
(3, 1, '翔'),
(4, 1, '陸'),
(5, 1, '颯太'),
(6, 1, '悠斗'),
(7, 1, '大翔'),
(8, 1, '翼'),
(9, 1, '樹'),
(10, 1, '奏太'),
(11, 1, '大和'),
(12, 1, '大輝'),
(13, 1, '悠'),
(14, 1, '隼人'),
(15, 1, '健太'),
(16, 1, '大輔'),
(17, 1, '駿'),
(18, 1, '陽斗'),
(19, 1, '優'),
(20, 1, '陽'),
(21, 1, '悠人'),
(22, 1, '誠'),
(23, 1, '拓海'),
(24, 1, '仁'),
(25, 1, '悠太'),
(26, 1, '悠真'),
(27, 1, '大地'),
(28, 1, '健'),
(29, 1, '遼'),
(30, 1, '大樹'),
(31, 1, '諒'),
(32, 1, '響'),
(33, 1, '太一'),
(34, 1, '一郎'),
(35, 1, '優斗'),
(36, 1, '亮'),
(37, 1, '海斗'),
(38, 1, '颯'),
(39, 1, '亮太'),
(40, 1, '匠'),
(41, 1, '陽太'),
(42, 1, '航'),
(43, 1, '瑛太'),
(44, 1, '直樹'),
(45, 1, '空'),
(46, 1, '光'),
(47, 1, '太郎'),
(48, 1, '輝'),
(49, 1, '一輝'),
(50, 1, '蒼'),
(51, 1, '剛'),
(52, 1, '涼太'),
(53, 1, '拓真'),
(54, 1, '潤'),
(55, 1, '龍之介'),
(56, 1, '葵'),
(57, 1, '達也'),
(58, 1, '隼'),
(59, 1, '健太郎'),
(60, 1, '聡'),
(61, 1, '太陽'),
(62, 1, '悠生'),
(63, 1, '雄大'),
(64, 1, '奏'),
(65, 1, '啓太'),
(66, 1, '陽向'),
(67, 1, '一樹'),
(68, 1, '楓'),
(69, 1, '涼'),
(70, 1, '悠希'),
(71, 1, '陸斗'),
(72, 1, '勇人'),
(73, 1, '拓哉'),
(74, 1, '蒼太'),
(75, 1, '優希'),
(76, 1, '虎太郎'),
(77, 1, '和也'),
(78, 1, '淳'),
(79, 1, '新'),
(80, 1, '和真'),
(81, 1, '蒼空'),
(82, 1, '渉'),
(83, 1, '優太'),
(84, 1, '拓也'),
(85, 1, '悠翔'),
(86, 1, '智也'),
(87, 1, '伊織'),
(88, 1, '歩'),
(89, 1, '大智'),
(90, 1, '直人'),
(91, 1, '優真'),
(92, 1, '俊介'),
(93, 1, '司'),
(94, 1, '晃'),
(95, 1, '琉生'),
(96, 1, '巧'),
(97, 1, '慧'),
(98, 1, '諒太'),
(99, 1, '凌'),
(100, 1, '碧'),
(101, 1, '大'),
(102, 1, '一'),
(103, 1, '優輝'),
(104, 1, '陽翔'),
(105, 1, '聡太'),
(106, 1, '真'),
(107, 1, '一真'),
(108, 1, '颯真'),
(109, 1, '湊'),
(110, 1, '日向'),
(111, 1, '哲也'),
(112, 1, '陽大'),
(113, 1, '慶太'),
(114, 1, '怜'),
(115, 1, '漣'),
(116, 1, '大貴'),
(117, 1, '拓実'),
(118, 1, '凛'),
(119, 1, '朝陽'),
(120, 1, '徹'),
(121, 1, '海'),
(122, 1, '学'),
(123, 1, '陽仁'),
(124, 1, '優人'),
(125, 1, '雄太'),
(126, 1, '遥斗'),
(127, 1, '優汰'),
(128, 1, '凛太郎'),
(129, 1, '翔大'),
(130, 1, '幹太'),
(131, 1, '慶'),
(132, 1, '颯汰'),
(133, 1, '龍'),
(134, 1, '颯人'),
(135, 1, '大介'),
(136, 1, '伊吹'),
(137, 1, '晴'),
(138, 1, '聖'),
(139, 1, '心'),
(140, 1, '大雅'),
(141, 1, '豊'),
(142, 1, '圭吾'),
(143, 1, '健人'),
(144, 1, '俊輔'),
(145, 1, '和輝'),
(146, 1, '航太'),
(147, 1, '櫂'),
(148, 1, '柊'),
(149, 1, '海翔'),
(150, 1, '和樹'),
(151, 1, '煌'),
(152, 1, '光希'),
(153, 1, '圭'),
(154, 1, '琢磨'),
(155, 1, '歩夢'),
(156, 1, '陽生'),
(157, 1, '健一'),
(158, 1, '武'),
(159, 1, '智'),
(160, 1, '琥太郎'),
(161, 1, '廉'),
(162, 1, '俊'),
(163, 1, '寛太'),
(164, 1, '大河'),
(165, 1, '薫'),
(166, 1, '祐樹'),
(167, 1, '悠大'),
(168, 1, '航大'),
(169, 1, '春樹'),
(170, 1, '光輝'),
(171, 1, '隆'),
(172, 1, '拓'),
(173, 1, '修'),
(174, 1, '真人'),
(175, 1, '陽介'),
(176, 1, '康太'),
(177, 1, '悠貴'),
(178, 1, '裕太'),
(179, 1, '陽人'),
(180, 1, '圭太'),
(181, 1, '陽希'),
(182, 1, '陽輝'),
(183, 1, '航平'),
(184, 1, '悠仁'),
(185, 1, '大駕'),
(186, 1, '翔真'),
(187, 1, '遥'),
(188, 1, '大空'),
(189, 1, '颯斗'),
(190, 1, '勇太'),
(191, 1, '隼斗'),
(192, 1, '崇'),
(193, 1, '快'),
(194, 1, '奏汰'),
(195, 1, '悠樹'),
(196, 1, '優樹'),
(197, 1, '明'),
(198, 1, '陸人'),
(199, 1, '要'),
(200, 1, '大志'),
(201, 1, '玲'),
(202, 1, '瑛斗'),
(203, 1, '大悟'),
(204, 1, '拓斗'),
(205, 1, '和希'),
(206, 1, '拓人'),
(207, 1, '颯大'),
(208, 1, '瞬'),
(209, 1, '遼太郎'),
(210, 1, '雅人'),
(211, 1, '裕'),
(212, 1, '涼介'),
(213, 1, '昴'),
(214, 1, '遼太'),
(215, 1, '慎太郎'),
(216, 1, '悟'),
(217, 1, '勇'),
(218, 1, '優翔'),
(219, 1, '蒼大'),
(220, 1, '勇斗'),
(221, 1, '康介'),
(222, 1, '智哉'),
(223, 1, '健斗'),
(224, 1, '暁'),
(225, 1, '瑞樹'),
(226, 1, '篤'),
(227, 1, '駿介'),
(228, 1, '亮介'),
(229, 1, '和'),
(230, 1, '稜'),
(231, 1, '雅也'),
(232, 1, '優大'),
(233, 1, '悠馬'),
(234, 1, '悠介'),
(235, 1, '海人'),
(236, 1, '駿太'),
(237, 1, '創'),
(238, 1, '理人'),
(239, 1, '拓磨'),
(240, 1, '佑'),
(241, 1, '啓'),
(242, 1, '秀樹'),
(243, 1, '賢'),
(244, 1, '暖'),
(245, 1, '悠輝'),
(246, 1, '寛'),
(247, 1, '裕貴'),
(248, 1, '祐介'),
(249, 1, '旭'),
(250, 1, '敦'),
(251, 1, '蒼真'),
(252, 1, '亘'),
(253, 1, '敬太'),
(254, 1, '寛人'),
(255, 1, '元'),
(256, 1, '真一'),
(257, 1, '蒼生'),
(258, 1, '佑樹'),
(259, 1, '尊'),
(260, 1, '直輝'),
(261, 1, '正樹'),
(262, 1, '康平'),
(263, 1, '直哉'),
(264, 1, '舜'),
(265, 1, '晴斗'),
(266, 1, '豪'),
(267, 1, '裕也'),
(268, 1, '孝太郎'),
(269, 1, '怜央'),
(270, 1, '大成'),
(271, 1, '望'),
(272, 1, '純'),
(273, 1, '啓介'),
(274, 1, '晴人'),
(275, 1, '結人'),
(276, 1, '岳'),
(277, 1, '瑛'),
(278, 1, '勇輝'),
(279, 1, '琉斗'),
(280, 1, '直也'),
(281, 1, '新太'),
(282, 1, '彰'),
(283, 1, '結斗'),
(284, 1, '祐太'),
(285, 1, '将太'),
(286, 1, '周'),
(287, 1, '恵太'),
(288, 1, '稔'),
(289, 1, '直'),
(290, 1, '裕樹'),
(291, 1, '創太'),
(292, 1, '健吾'),
(293, 1, '友哉'),
(294, 1, '玲央'),
(295, 1, '佑真'),
(296, 1, '祐'),
(297, 1, '正人'),
(298, 1, '凌太'),
(299, 1, '青空'),
(300, 1, '康生'),
(301, 1, '旬'),
(302, 1, '琥珀'),
(303, 1, '真也'),
(304, 1, '瑛人'),
(305, 1, '良太'),
(306, 1, '翔太郎'),
(307, 1, '瑛大'),
(308, 1, '然'),
(309, 1, '陽樹'),
(310, 1, '斗真'),
(311, 1, '竜也'),
(312, 1, '晴輝'),
(313, 1, '洋'),
(314, 1, '元気'),
(315, 1, '哲'),
(316, 1, '武蔵'),
(317, 1, '英樹'),
(318, 1, '快斗'),
(319, 1, '朔'),
(320, 1, '勝'),
(321, 1, '佑太'),
(322, 1, '力'),
(323, 1, '遥人'),
(324, 1, '慎'),
(325, 1, '洋平'),
(326, 1, '健介'),
(327, 1, '実'),
(328, 1, '瑞希'),
(329, 1, '浩'),
(330, 1, '琉'),
(331, 1, '祐希'),
(332, 1, '毅'),
(333, 1, '博'),
(334, 1, '幸太郎'),
(335, 1, '暖人'),
(336, 1, '壮太'),
(337, 1, '和哉'),
(338, 1, '倫太郎'),
(339, 1, '隆太'),
(340, 1, '裕介'),
(341, 1, '一朗'),
(342, 1, '璃空'),
(343, 1, '耀'),
(344, 1, '圭介'),
(345, 1, '卓也'),
(346, 1, '煌大'),
(347, 1, '孝太'),
(348, 1, '充'),
(349, 1, '陽平'),
(350, 1, '俊太'),
(351, 1, '龍馬'),
(352, 1, '圭佑'),
(353, 1, '拓馬'),
(354, 1, '竜之介'),
(355, 1, '泰成'),
(356, 1, '優弥'),
(357, 1, '幸太'),
(358, 1, '千尋'),
(359, 1, '未来'),
(360, 1, '奏大'),
(361, 1, '奏多'),
(362, 1, '晴樹'),
(363, 1, '優也'),
(364, 1, '哲平'),
(365, 1, '航輝'),
(366, 1, '昊'),
(367, 1, '温人'),
(368, 1, '貴之'),
(369, 1, '洋介'),
(370, 1, '丈'),
(371, 1, '圭祐'),
(372, 1, '貫太'),
(373, 1, '猛'),
(374, 1, '優介'),
(375, 1, '宙'),
(376, 1, '晃太'),
(377, 1, '朔太郎'),
(378, 1, '晃大'),
(379, 1, '勇樹'),
(380, 1, '雄一'),
(381, 1, '健二'),
(382, 1, '純平'),
(383, 1, '陽一'),
(384, 1, '恭平'),
(385, 1, '将'),
(386, 1, '奏真'),
(387, 1, '智樹'),
(388, 1, '健司'),
(389, 1, '爽太'),
(390, 1, '琉聖'),
(391, 1, '洸太'),
(392, 1, '竜馬'),
(393, 1, '功'),
(394, 1, '礼'),
(395, 1, '雄介'),
(396, 1, '一成'),
(397, 1, '秀'),
(398, 1, '瑞貴'),
(399, 1, '航太郎'),
(400, 1, '大希'),
(401, 1, '煌太'),
(402, 1, '聖也'),
(403, 1, '進'),
(404, 1, '颯馬'),
(405, 1, '玲音'),
(406, 1, '奏人'),
(407, 1, '優生'),
(408, 1, '孝'),
(409, 1, '蒼介'),
(410, 1, '悠也'),
(411, 1, '修平'),
(412, 1, '一馬'),
(413, 1, '駿斗'),
(414, 1, '優貴'),
(415, 1, '蓮斗'),
(416, 1, '勇翔'),
(417, 1, '慎之介'),
(418, 1, '篤志'),
(419, 1, '莉玖'),
(420, 1, '天'),
(421, 1, '翔馬'),
(422, 1, '和馬'),
(423, 1, '宗一郎'),
(424, 1, '茂'),
(425, 1, '陸翔'),
(426, 1, '楓太'),
(427, 1, '寛大'),
(428, 1, '類'),
(429, 1, '峻'),
(430, 1, '塁'),
(431, 1, '洸'),
(432, 1, '魁'),
(433, 1, '慎也'),
(434, 1, '颯介'),
(435, 1, '太智'),
(436, 1, '真大'),
(437, 1, '唯人'),
(438, 1, '海音'),
(439, 1, '遥翔'),
(440, 1, '泰生'),
(441, 1, '幸輝'),
(442, 1, '律'),
(443, 1, '拓巳'),
(444, 1, '虎太朗'),
(445, 1, '一翔'),
(446, 1, '壮真'),
(447, 1, '純一郎'),
(448, 1, '篤史'),
(449, 1, '慎吾'),
(450, 1, '一颯'),
(451, 1, '稜太'),
(452, 1, '祐輔'),
(453, 1, '大祐'),
(454, 1, '誠人'),
(455, 1, '春'),
(456, 1, '祐輝'),
(457, 1, '一希'),
(458, 1, '大夢'),
(459, 1, '大知'),
(460, 1, '悠雅'),
(461, 1, '祥太'),
(462, 1, '純一'),
(463, 1, '亨'),
(464, 1, '春輝'),
(465, 1, '優心'),
(466, 1, '航希'),
(467, 1, '湊太'),
(468, 1, '拓弥'),
(469, 1, '理'),
(470, 1, '正'),
(471, 1, '壮'),
(472, 1, '和彦'),
(473, 1, '昇'),
(474, 1, '蒼汰'),
(475, 1, '泰雅'),
(476, 1, '奏斗'),
(477, 1, '智之'),
(478, 1, '凪'),
(479, 1, '浩二'),
(480, 1, '秀人'),
(481, 1, '隆之介'),
(482, 1, '琉偉'),
(483, 1, '宏樹'),
(484, 1, '成'),
(485, 1, '悠太郎'),
(486, 1, '理玖'),
(487, 1, '宏'),
(488, 1, '優成'),
(489, 1, '達哉'),
(490, 1, '賢人'),
(491, 1, '裕人'),
(492, 1, '唯斗'),
(493, 1, '亮輔'),
(494, 1, '尚'),
(495, 1, '小太郎'),
(496, 1, '雄斗'),
(497, 1, '賢一'),
(498, 1, '智貴'),
(499, 1, '睦'),
(500, 1, '浩司'),
(501, 1, '龍太郎'),
(502, 1, '博之'),
(503, 1, '雅治'),
(504, 1, '瑛士'),
(505, 1, '温'),
(506, 1, '海里'),
(507, 1, '圭悟'),
(508, 1, '翔琉'),
(509, 1, '優哉'),
(510, 1, '風雅'),
(511, 1, '弘樹'),
(512, 1, '翔平'),
(513, 1, '浩一'),
(514, 1, '忍'),
(515, 1, '龍太'),
(516, 1, '凛太朗'),
(517, 1, '禅'),
(518, 1, '勉'),
(519, 1, '翔吾'),
(520, 1, '卓'),
(521, 1, '龍生'),
(522, 1, '誠也'),
(523, 1, '真吾'),
(524, 1, '天翔'),
(525, 1, '雅'),
(526, 1, '大誠'),
(527, 1, '和弥'),
(528, 1, '遼真'),
(529, 1, '愛斗'),
(530, 1, '譲'),
(531, 1, '航汰'),
(532, 1, '周平'),
(533, 1, '勇気'),
(534, 1, '雅之'),
(535, 1, '朝日'),
(536, 1, '大晴'),
(537, 1, '智輝'),
(538, 1, '正宗'),
(539, 1, '悠哉'),
(540, 1, '開'),
(541, 1, '智大'),
(542, 1, '和人'),
(543, 1, '翔汰'),
(544, 1, '遥輝'),
(545, 1, '俊哉'),
(546, 1, '琥太朗'),
(547, 1, '守'),
(548, 1, '陽貴'),
(549, 1, '匠真'),
(550, 1, '航生'),
(551, 1, '拓未'),
(552, 1, '一貴'),
(553, 1, '奏音'),
(554, 1, '晶'),
(555, 1, '祐斗'),
(556, 1, '裕之'),
(557, 1, '理仁'),
(558, 1, '光太郎'),
(559, 1, '裕斗'),
(560, 1, '康太郎'),
(561, 1, '泰知'),
(562, 1, '遼介'),
(563, 1, '蒼士'),
(564, 1, '将大'),
(565, 1, '伶'),
(566, 1, '永遠'),
(567, 1, '蒼馬'),
(568, 1, '侑'),
(569, 1, '碧斗'),
(570, 1, '大斗'),
(571, 1, '良平'),
(572, 1, '連'),
(573, 1, '朔也'),
(574, 1, '祐人'),
(575, 1, '和磨'),
(576, 1, '英明'),
(577, 1, '修一'),
(578, 1, '裕一'),
(579, 1, '悠汰'),
(580, 1, '佑斗'),
(581, 1, '啓人'),
(582, 1, '晴太'),
(583, 1, '悠吾'),
(584, 1, '竜'),
(585, 1, '龍一'),
(586, 1, '大吾'),
(587, 1, '希'),
(588, 1, '直希'),
(589, 1, '馨'),
(590, 1, '秀明'),
(591, 1, '太朗'),
(592, 1, '清'),
(593, 1, '柊斗'),
(594, 1, '玄'),
(595, 1, '広大'),
(596, 1, '蓮太郎'),
(597, 1, '祐貴'),
(598, 1, '敬'),
(599, 1, '爽'),
(600, 1, '迅'),
(601, 1, '京介'),
(602, 1, '流星'),
(603, 1, '晃生'),
(604, 1, '真翔'),
(605, 1, '穣'),
(606, 1, '樹生'),
(607, 1, '遥大'),
(608, 1, '悠成'),
(609, 1, '透'),
(610, 1, '弘'),
(611, 1, '陽真'),
(612, 1, '晴希'),
(613, 1, '拓己'),
(614, 1, '優作'),
(615, 1, '真輝'),
(616, 1, '麟太郎'),
(617, 1, '環'),
(618, 1, '遼大'),
(619, 1, '秀一'),
(620, 1, '慶人'),
(621, 1, '淳平'),
(622, 1, '優一'),
(623, 1, '晴翔'),
(624, 1, '恭介'),
(625, 1, '悠陽'),
(626, 1, '祐真'),
(627, 1, '謙'),
(628, 1, '泰地'),
(629, 1, '武琉'),
(630, 1, '悠登'),
(631, 1, '瑛介'),
(632, 1, '敦也'),
(633, 1, '賢治'),
(634, 1, '良'),
(635, 1, '遙'),
(636, 1, '夏樹'),
(637, 1, '理央'),
(638, 1, '淳一'),
(639, 1, '和志'),
(640, 1, '章'),
(641, 1, '洋一'),
(642, 1, '雄飛'),
(643, 1, '恵'),
(644, 1, '幹大'),
(645, 1, '遥希'),
(646, 1, '澪'),
(647, 1, '友樹'),
(648, 1, '智紀'),
(649, 1, '祥'),
(650, 1, '春人'),
(651, 1, '璃久'),
(652, 1, '龍斗'),
(653, 1, '佑介'),
(654, 1, '秀太'),
(655, 1, '友貴'),
(656, 1, '涼太郎'),
(657, 1, '啓吾'),
(658, 1, '和貴'),
(659, 1, '陽登'),
(660, 1, '柊太'),
(661, 1, '碧生'),
(662, 1, '仁志'),
(663, 1, '貴史'),
(664, 1, '翔也'),
(665, 1, '悠聖'),
(666, 1, '凱'),
(667, 1, '諒真'),
(668, 1, '将人'),
(669, 1, '慶介'),
(670, 1, '勇希'),
(671, 1, '純也'),
(672, 1, '理久'),
(673, 1, '裕大'),
(674, 1, '宇宙'),
(675, 1, '柊真'),
(676, 1, '悠月'),
(677, 1, '正和'),
(678, 1, '肇'),
(679, 1, '八雲'),
(680, 1, '快人'),
(681, 1, '凌大'),
(682, 1, '竣'),
(683, 1, '真斗'),
(684, 1, '善'),
(685, 1, '勇真'),
(686, 1, '結太'),
(687, 1, '春斗'),
(688, 1, '悠輔'),
(689, 1, '武志'),
(690, 1, '真生'),
(691, 1, '健一郎'),
(692, 1, '宗太'),
(693, 1, '楽'),
(694, 1, '涼平'),
(695, 1, '空良'),
(696, 1, '拓翔'),
(697, 1, '結翔'),
(698, 1, '健心'),
(699, 1, '瑞生'),
(700, 1, '幸大'),
(701, 1, '巧真'),
(702, 1, '聖人'),
(703, 1, '圭一'),
(704, 1, '莉久'),
(705, 1, '俊太郎'),
(706, 1, '信'),
(707, 1, '優雅'),
(708, 1, '楓真'),
(709, 1, '惺'),
(710, 1, '雄一郎'),
(711, 1, '碧人'),
(712, 1, '優仁'),
(713, 1, '陵'),
(714, 1, '大喜'),
(715, 1, '尚人'),
(716, 1, '雅斗'),
(717, 1, '剛志'),
(718, 1, '秀斗'),
(719, 1, '泰輝'),
(720, 1, '隼翔'),
(721, 1, '隆史'),
(722, 1, '智史'),
(723, 1, '嶺'),
(724, 1, '侑真'),
(725, 1, '知樹'),
(726, 1, '瑛汰'),
(727, 1, '晴貴'),
(728, 1, '晴生'),
(729, 1, '隆志'),
(730, 1, '貴志'),
(731, 1, '隆一'),
(732, 1, '浩太'),
(733, 1, '賢太郎'),
(734, 1, '慎一'),
(735, 1, '謙信'),
(736, 1, '櫂斗'),
(737, 1, '孔明'),
(738, 1, '慶吾'),
(739, 1, '駈'),
(740, 1, '琉星'),
(741, 1, '春希'),
(742, 1, '雅樹'),
(743, 1, '貴大'),
(744, 1, '怜音'),
(745, 1, '晴大'),
(746, 1, '勲'),
(747, 1, '誠一'),
(748, 1, '裕司'),
(749, 1, '正義'),
(750, 1, '想'),
(751, 1, '怜生'),
(752, 1, '遥太'),
(753, 1, '璃玖'),
(754, 1, '聡介'),
(755, 1, '浩之'),
(756, 1, '真之介'),
(757, 1, '満'),
(758, 1, '湊人'),
(759, 1, '友也'),
(760, 1, '雄貴'),
(761, 1, '凛空'),
(762, 1, '涼真'),
(763, 1, '基'),
(764, 1, '亮平'),
(765, 1, '息吹'),
(766, 1, '優志'),
(767, 1, '誉'),
(768, 1, '秀喜'),
(769, 1, '遙斗'),
(770, 1, '蓮人'),
(771, 1, '煌生'),
(772, 1, '恵介'),
(773, 1, '尚輝'),
(774, 1, '真央'),
(775, 1, '晃輝'),
(776, 1, '琉翔'),
(777, 1, '俊也'),
(778, 1, '将吾'),
(779, 1, '晃平'),
(780, 1, '稜真'),
(781, 1, '隼士'),
(782, 1, '遙人'),
(783, 1, '一心'),
(784, 1, '温大'),
(785, 1, '賢太'),
(786, 1, '健志'),
(787, 1, '雄也'),
(788, 1, '勘太'),
(789, 1, '直弥'),
(790, 1, '夏輝'),
(791, 1, '謙太'),
(792, 1, '快晴'),
(793, 1, '柊哉'),
(794, 1, '光一'),
(795, 1, '羽琉'),
(796, 1, '陽汰'),
(797, 1, '康弘'),
(798, 1, '亮太郎'),
(799, 1, '尚樹'),
(800, 1, '敦史'),
(801, 1, '慎一郎'),
(802, 1, '祐一'),
(803, 1, '響生'),
(804, 1, '右京'),
(805, 1, '晴喜'),
(806, 1, '友希'),
(807, 1, '丞'),
(808, 1, '奏介'),
(809, 1, '詩音'),
(810, 1, '聡志'),
(811, 1, '瞭'),
(812, 1, '泰'),
(813, 1, '凌空'),
(814, 1, '竜太'),
(815, 1, '亮佑'),
(816, 1, '龍也'),
(817, 1, '真太郎'),
(818, 1, '晴也'),
(819, 1, '英寿'),
(820, 1, '朗'),
(821, 1, '泰志'),
(822, 1, '真樹'),
(823, 1, '祐也'),
(824, 1, '渚'),
(825, 1, '慶一'),
(826, 1, '彰人'),
(827, 1, '省吾'),
(828, 1, '聡一郎'),
(829, 1, '耕平'),
(830, 1, '隼太'),
(831, 1, 'そら'),
(832, 1, '瑠偉'),
(833, 1, '裕真'),
(834, 1, '剛史'),
(835, 1, '湊斗'),
(836, 1, '智久'),
(837, 1, '健太朗'),
(838, 1, '央'),
(839, 1, '吏玖'),
(840, 1, '和幸'),
(841, 1, '諒介'),
(842, 1, '隆司'),
(843, 1, '真司'),
(844, 1, '拓夢'),
(845, 1, '壮汰'),
(846, 1, '蓮太'),
(847, 1, '風太'),
(848, 1, '穂高'),
(849, 1, '泰樹'),
(850, 1, '靖'),
(851, 1, '知輝'),
(852, 1, '佑哉'),
(853, 1, '誠司'),
(854, 1, '智仁'),
(855, 1, '皓太'),
(856, 1, '空翔'),
(857, 1, '貴文'),
(858, 1, '健治'),
(859, 1, '琉太'),
(860, 1, '有'),
(861, 1, '蒼斗'),
(862, 1, '翠'),
(863, 1, '光樹'),
(864, 1, '悠弥'),
(865, 1, '友輝'),
(866, 1, '陽葵'),
(867, 1, '聡真'),
(868, 1, '僚'),
(869, 1, '雅貴'),
(870, 1, '優馬'),
(871, 1, '徹平'),
(872, 1, '太志'),
(873, 1, '創大'),
(874, 1, '絆'),
(875, 1, '陽音'),
(876, 1, '隆太郎'),
(877, 1, '寿'),
(878, 1, '龍星'),
(879, 1, '拓郎'),
(880, 1, '侑大'),
(881, 1, '飛鳥'),
(882, 1, '一也'),
(883, 1, '晃一'),
(884, 1, '鉄平'),
(885, 1, '浩志'),
(886, 1, '蓮音'),
(887, 1, '慧太'),
(888, 1, '健悟'),
(889, 1, '武尊'),
(890, 1, '秀真'),
(891, 1, '智希'),
(892, 1, '一志'),
(893, 1, '大聖'),
(894, 1, '浩平'),
(895, 1, '一平'),
(896, 1, '結'),
(897, 1, '昂'),
(898, 1, '晟'),
(899, 1, '正明'),
(900, 1, '温斗'),
(901, 1, '義人'),
(902, 1, '大生'),
(903, 1, '晃成'),
(904, 1, '慶悟'),
(905, 1, '悠矢'),
(906, 1, '壮一郎'),
(907, 1, '幸之助'),
(908, 1, '宗佑'),
(909, 1, '惇'),
(910, 1, '雅史'),
(911, 1, '英雄'),
(912, 1, '幸樹'),
(913, 1, '正太郎'),
(914, 1, '晃太郎'),
(915, 1, '透真'),
(916, 1, '優太郎'),
(917, 1, '龍輝'),
(918, 1, '飛翔'),
(919, 1, '洸希'),
(920, 1, '和弘'),
(921, 1, '耀太'),
(922, 1, '佳祐'),
(923, 1, '絢斗'),
(924, 1, '秀和'),
(925, 1, '隆之'),
(926, 1, '総一郎'),
(927, 1, '新大'),
(928, 1, '優吾'),
(929, 1, '雄真'),
(930, 1, '凛人'),
(931, 1, '将也'),
(932, 1, '光貴'),
(933, 1, '英太'),
(934, 1, '総'),
(935, 1, '汰一'),
(936, 1, '匡'),
(937, 1, '良介'),
(938, 1, '総司'),
(939, 1, '楓雅'),
(940, 1, '裕二'),
(941, 1, '修司'),
(942, 1, '太'),
(943, 1, '綾'),
(944, 1, '凛太'),
(945, 1, '隼也'),
(946, 1, '広樹'),
(947, 1, '想太'),
(948, 1, '諭'),
(949, 1, '克己'),
(950, 1, '大我'),
(951, 1, '悠磨'),
(952, 1, '柚希'),
(953, 1, '翔生'),
(954, 1, '零'),
(955, 1, '錬'),
(956, 1, '翔斗'),
(957, 1, '篤人'),
(958, 1, '琉空'),
(959, 1, '亮汰'),
(960, 1, '魁斗'),
(961, 1, '遥真'),
(962, 1, '翔一'),
(963, 1, '慶次'),
(964, 1, '遥登'),
(965, 1, '健翔'),
(966, 1, '一哉'),
(967, 1, '春馬'),
(968, 1, '一太'),
(969, 1, '晃希'),
(970, 1, '一磨'),
(971, 1, '健生'),
(972, 1, '夏生'),
(973, 1, '信長'),
(974, 1, '晋'),
(975, 1, '泰智'),
(976, 1, '和宏'),
(977, 1, '裕翔'),
(978, 1, '誠一郎'),
(979, 1, '陽紀'),
(980, 1, '悠平'),
(981, 1, '裕紀'),
(982, 1, '知也'),
(983, 1, '桜介'),
(984, 1, '麗'),
(985, 1, '博文'),
(986, 1, '幸一'),
(987, 1, '悠悟'),
(988, 1, '俊祐'),
(989, 1, '悠紀'),
(990, 1, '晴登'),
(991, 1, '颯士'),
(992, 1, '綾人'),
(993, 1, '伸一'),
(994, 1, '脩'),
(995, 1, '駿平'),
(996, 1, '光太'),
(997, 1, '昂大'),
(998, 1, '伸'),
(999, 1, '康'),
(1000, 1, '友翔'),
(1001, 2, '葵'),
(1002, 2, '優那'),
(1003, 2, '優奈'),
(1004, 2, '凛'),
(1005, 2, '陽菜'),
(1006, 2, '愛'),
(1007, 2, '結衣'),
(1008, 2, '美咲'),
(1009, 2, '楓'),
(1010, 2, 'さくら'),
(1011, 2, '遥'),
(1012, 2, '美優'),
(1013, 2, '莉子'),
(1014, 2, '七海'),
(1015, 2, '美月'),
(1016, 2, '結菜'),
(1017, 2, '真央'),
(1018, 2, '花音'),
(1019, 2, '陽子'),
(1020, 2, '舞'),
(1021, 2, '美羽'),
(1022, 2, '優衣'),
(1023, 2, '未来'),
(1024, 2, '彩'),
(1025, 2, '彩乃'),
(1026, 2, '彩花'),
(1027, 2, '優'),
(1028, 2, '智子'),
(1029, 2, '奈々'),
(1030, 2, '千尋'),
(1031, 2, '愛美'),
(1032, 2, '優菜'),
(1033, 2, '杏'),
(1034, 2, '裕子'),
(1035, 2, '芽衣'),
(1036, 2, '綾乃'),
(1037, 2, '琴音'),
(1038, 2, '桜'),
(1039, 2, '恵'),
(1040, 2, '杏奈'),
(1041, 2, '美桜'),
(1042, 2, '優花'),
(1043, 2, '玲奈'),
(1044, 2, '結'),
(1045, 2, '茜'),
(1046, 2, '美穂'),
(1047, 2, '明日香'),
(1048, 2, '愛子'),
(1049, 2, '美緒'),
(1050, 2, '碧'),
(1051, 2, '彩音'),
(1052, 2, '和奏'),
(1053, 2, '香織'),
(1054, 2, '萌'),
(1055, 2, '心'),
(1056, 2, '愛莉'),
(1057, 2, '久美子'),
(1058, 2, '花'),
(1059, 2, '彩香'),
(1060, 2, '栞'),
(1061, 2, '結愛'),
(1062, 2, '瑠奈'),
(1063, 2, '桃花'),
(1064, 2, '菜月'),
(1065, 2, '日和'),
(1066, 2, '瑞希'),
(1067, 2, '優子'),
(1068, 2, '莉央'),
(1069, 2, '唯'),
(1070, 2, '咲希'),
(1071, 2, '詩織'),
(1072, 2, '莉緒'),
(1073, 2, '恵美'),
(1074, 2, 'ひなた'),
(1075, 2, '真由美'),
(1076, 2, '綾香'),
(1077, 2, '幸子'),
(1078, 2, '綾'),
(1079, 2, '優香'),
(1080, 2, '里奈'),
(1081, 2, '芽依'),
(1082, 2, '恵子'),
(1083, 2, '藍'),
(1084, 2, '美香'),
(1085, 2, '桃子'),
(1086, 2, '心優'),
(1087, 2, '麻衣'),
(1088, 2, '遥香'),
(1089, 2, '怜奈'),
(1090, 2, '咲良'),
(1091, 2, '亜美'),
(1092, 2, 'あかり'),
(1093, 2, '華'),
(1094, 2, '百花'),
(1095, 2, 'ほのか'),
(1096, 2, '直子'),
(1097, 2, '小春'),
(1098, 2, '菜々子'),
(1099, 2, '悠'),
(1100, 2, '璃子'),
(1101, 2, '理子'),
(1102, 2, '美紀'),
(1103, 2, '彩華'),
(1104, 2, 'あおい'),
(1105, 2, '美和'),
(1106, 2, '優月'),
(1107, 2, '桜子'),
(1108, 2, '葉月'),
(1109, 2, '美空'),
(1110, 2, '美結'),
(1111, 2, '綾子'),
(1112, 2, '桃香'),
(1113, 2, '薫'),
(1114, 2, '理恵'),
(1115, 2, '澪'),
(1116, 2, '明子'),
(1117, 2, '純子'),
(1118, 2, '奈央'),
(1119, 2, '梓'),
(1120, 2, '由美子'),
(1121, 2, '若菜'),
(1122, 2, '奈緒'),
(1123, 2, '結奈'),
(1124, 2, '愛梨'),
(1125, 2, '恭子'),
(1126, 2, 'はるか'),
(1127, 2, 'こころ'),
(1128, 2, '沙織'),
(1129, 2, '梨乃'),
(1130, 2, '優希'),
(1131, 2, '朱里'),
(1132, 2, '奏'),
(1133, 2, '瞳'),
(1134, 2, '綾音'),
(1135, 2, '真帆'),
(1136, 2, '晴香'),
(1137, 2, '咲'),
(1138, 2, '千夏'),
(1139, 2, '和花'),
(1140, 2, '彩夏'),
(1141, 2, '菜々'),
(1142, 2, 'めぐみ'),
(1143, 2, '真優'),
(1144, 2, '心愛'),
(1145, 2, '莉奈'),
(1146, 2, 'くるみ'),
(1147, 2, '愛実'),
(1148, 2, '智美'),
(1149, 2, '沙羅'),
(1150, 2, '芽生'),
(1151, 2, '直美'),
(1152, 2, '瑠菜'),
(1153, 2, '裕美'),
(1154, 2, '春菜'),
(1155, 2, '結花'),
(1156, 2, '心音'),
(1157, 2, '愛菜'),
(1158, 2, '彩葉'),
(1159, 2, '心美'),
(1160, 2, '洋子'),
(1161, 2, '美里'),
(1162, 2, '日向'),
(1163, 2, '春香'),
(1164, 2, '和'),
(1165, 2, '由佳'),
(1166, 2, '光'),
(1167, 2, '真由'),
(1168, 2, '花梨'),
(1169, 2, '朋子'),
(1170, 2, 'すみれ'),
(1171, 2, '真緒'),
(1172, 2, 'はな'),
(1173, 2, 'ひより'),
(1174, 2, '沙耶'),
(1175, 2, '美樹'),
(1176, 2, 'あゆみ'),
(1177, 2, '貴子'),
(1178, 2, '鈴'),
(1179, 2, '陽奈'),
(1180, 2, '真奈'),
(1181, 2, '寧々'),
(1182, 2, '紀子'),
(1183, 2, '紗希'),
(1184, 2, '日菜'),
(1185, 2, '蒼'),
(1186, 2, '麻美'),
(1187, 2, '加奈'),
(1188, 2, '彩菜'),
(1189, 2, '愛理'),
(1190, 2, '和子'),
(1191, 2, '菜々美'),
(1192, 2, '佳子'),
(1193, 2, '京子'),
(1194, 2, '由奈'),
(1195, 2, '仁美'),
(1196, 2, '菫'),
(1197, 2, '弥生'),
(1198, 2, '典子'),
(1199, 2, '歩'),
(1200, 2, '希'),
(1201, 2, '友香'),
(1202, 2, '翠'),
(1203, 2, '理央'),
(1204, 2, '由美'),
(1205, 2, '遙'),
(1206, 2, '莉乃'),
(1207, 2, '絢音'),
(1208, 2, '夏帆'),
(1209, 2, '紗良'),
(1210, 2, '友美'),
(1211, 2, '瑠璃'),
(1212, 2, '祐子'),
(1213, 2, '蘭'),
(1214, 2, '美奈'),
(1215, 2, '真衣'),
(1216, 2, '莉那'),
(1217, 2, '理沙'),
(1218, 2, '心結'),
(1219, 2, '琴美'),
(1220, 2, '莉菜'),
(1221, 2, '果歩'),
(1222, 2, '美幸'),
(1223, 2, '瑞穂'),
(1224, 2, '愛華'),
(1225, 2, '雫'),
(1226, 2, '真弓'),
(1227, 2, '麗'),
(1228, 2, '萌花'),
(1229, 2, '玲'),
(1230, 2, '風花'),
(1231, 2, '乃愛'),
(1232, 2, '花菜'),
(1233, 2, '雅子'),
(1234, 2, '順子'),
(1235, 2, '涼子'),
(1236, 2, '麻央'),
(1237, 2, '凛音'),
(1238, 2, '渚'),
(1239, 2, '桃'),
(1240, 2, '知子'),
(1241, 2, '由香'),
(1242, 2, '真紀'),
(1243, 2, '千春'),
(1244, 2, '陽香'),
(1245, 2, '胡桃'),
(1246, 2, '朱莉'),
(1247, 2, '雅'),
(1248, 2, '真奈美'),
(1249, 2, '穂香'),
(1250, 2, '朱音'),
(1251, 2, '里美'),
(1252, 2, '真菜'),
(1253, 2, '真理子'),
(1254, 2, '理穂'),
(1255, 2, 'さやか'),
(1256, 2, '凛花'),
(1257, 2, '実優'),
(1258, 2, '環'),
(1259, 2, '祥子'),
(1260, 2, '由衣'),
(1261, 2, '菜摘'),
(1262, 2, '春奈'),
(1263, 2, '真理'),
(1264, 2, '樹里'),
(1265, 2, '真子'),
(1266, 2, '柚希'),
(1267, 2, '和美'),
(1268, 2, '一花'),
(1269, 2, '咲来'),
(1270, 2, '愛花'),
(1271, 2, '亜希子'),
(1272, 2, '奈美'),
(1273, 2, 'かおり'),
(1274, 2, '梨花'),
(1275, 2, '沙希'),
(1276, 2, '志保'),
(1277, 2, '里桜'),
(1278, 2, '愛奈'),
(1279, 2, '玲菜'),
(1280, 2, '結月'),
(1281, 2, '尚子'),
(1282, 2, '佳奈'),
(1283, 2, '沙良'),
(1284, 2, 'みなみ'),
(1285, 2, '奈菜'),
(1286, 2, '莉音'),
(1287, 2, 'ひとみ'),
(1288, 2, '由紀子'),
(1289, 2, '華音'),
(1290, 2, '美波'),
(1291, 2, 'ゆかり'),
(1292, 2, '心菜'),
(1293, 2, '優里'),
(1294, 2, '心花'),
(1295, 2, '早苗'),
(1296, 2, '由紀'),
(1297, 2, '里菜'),
(1298, 2, '向日葵'),
(1299, 2, '理紗'),
(1300, 2, 'みのり'),
(1301, 2, '若葉'),
(1302, 2, '菜緒'),
(1303, 2, '陽'),
(1304, 2, '怜'),
(1305, 2, '結香'),
(1306, 2, '真琴'),
(1307, 2, '璃音'),
(1308, 2, '響'),
(1309, 2, '美希'),
(1310, 2, '琴葉'),
(1311, 2, '天音'),
(1312, 2, '麻衣子'),
(1313, 2, '香'),
(1314, 2, '由菜'),
(1315, 2, '実咲'),
(1316, 2, '美佳'),
(1317, 2, '晴菜'),
(1318, 2, '彩奈'),
(1319, 2, '有紗'),
(1320, 2, '美海'),
(1321, 2, '詩音'),
(1322, 2, '真美'),
(1323, 2, '悦子'),
(1324, 2, '敦子'),
(1325, 2, '楓花'),
(1326, 2, '柚葉'),
(1327, 2, '春花'),
(1328, 2, '美鈴'),
(1329, 2, '有希'),
(1330, 2, '小百合'),
(1331, 2, '歩美'),
(1332, 2, '杏菜'),
(1333, 2, '穂乃香'),
(1334, 2, 'ひかる'),
(1335, 2, '玲子'),
(1336, 2, '和香'),
(1337, 2, '美帆'),
(1338, 2, '空'),
(1339, 2, '望'),
(1340, 2, '美由紀'),
(1341, 2, '雪乃'),
(1342, 2, '愛海'),
(1343, 2, '優羽'),
(1344, 2, '美音'),
(1345, 2, '遥菜'),
(1346, 2, '夏希'),
(1347, 2, '優美'),
(1348, 2, '恵美子'),
(1349, 2, '凛子'),
(1350, 2, '紗菜'),
(1351, 2, '千鶴'),
(1352, 2, '奈々子'),
(1353, 2, '彩加'),
(1354, 2, '淳子'),
(1355, 2, '絢香'),
(1356, 2, '花凛'),
(1357, 2, '麗奈'),
(1358, 2, 'ひかり'),
(1359, 2, '泉'),
(1360, 2, '美奈子'),
(1361, 2, '亜紀'),
(1362, 2, '桂子'),
(1363, 2, '有紀'),
(1364, 2, 'ゆい'),
(1365, 2, '結子'),
(1366, 2, '遥花'),
(1367, 2, '晶子'),
(1368, 2, '小雪'),
(1369, 2, '美智子'),
(1370, 2, '愛里'),
(1371, 2, '心春'),
(1372, 2, '里緒'),
(1373, 2, '伊織'),
(1374, 2, '詩乃'),
(1375, 2, '柚月'),
(1376, 2, '聡子'),
(1377, 2, '加奈子'),
(1378, 2, '花奈'),
(1379, 2, '希美'),
(1380, 2, '悠花'),
(1381, 2, '彩羽'),
(1382, 2, '彩子'),
(1383, 2, '幸'),
(1384, 2, '聖子'),
(1385, 2, '友里'),
(1386, 2, '結依'),
(1387, 2, '千晴'),
(1388, 2, '椿'),
(1389, 2, '茉莉'),
(1390, 2, '千恵'),
(1391, 2, '心咲'),
(1392, 2, '杏樹'),
(1393, 2, '志穂'),
(1394, 2, 'あかね'),
(1395, 2, '陽花'),
(1396, 2, 'もも'),
(1397, 2, '心晴'),
(1398, 2, '美央'),
(1399, 2, '梨央'),
(1400, 2, '葵衣'),
(1401, 2, '真希'),
(1402, 2, '香奈'),
(1403, 2, '陽向'),
(1404, 2, '鈴音'),
(1405, 2, '紗和'),
(1406, 2, '愛香'),
(1407, 2, '優芽'),
(1408, 2, '萌香'),
(1409, 2, '瑞季'),
(1410, 2, '絵美'),
(1411, 2, '柚'),
(1412, 2, '優愛'),
(1413, 2, '愛佳'),
(1414, 2, '紗季'),
(1415, 2, '京香'),
(1416, 2, 'まどか'),
(1417, 2, '紗奈'),
(1418, 2, 'ひまり'),
(1419, 2, '佳乃'),
(1420, 2, '初音'),
(1421, 2, '千里'),
(1422, 2, '紅葉'),
(1423, 2, 'めい'),
(1424, 2, '南'),
(1425, 2, '明美'),
(1426, 2, '久美'),
(1427, 2, '成美'),
(1428, 2, '紗那'),
(1429, 2, '歩実'),
(1430, 2, '美沙'),
(1431, 2, '優佳'),
(1432, 2, '柚香'),
(1433, 2, '凛香'),
(1434, 2, '理緒'),
(1435, 2, '幸恵'),
(1436, 2, 'あい'),
(1437, 2, '紗弥'),
(1438, 2, '千晶'),
(1439, 2, '美保'),
(1440, 2, 'ひなの'),
(1441, 2, 'ひな'),
(1442, 2, '早紀'),
(1443, 2, 'ちひろ'),
(1444, 2, 'ゆら'),
(1445, 2, '志帆'),
(1446, 2, '羽菜'),
(1447, 2, '風香'),
(1448, 2, '香澄'),
(1449, 2, '一葉'),
(1450, 2, 'みどり'),
(1451, 2, '琴乃'),
(1452, 2, '千紘'),
(1453, 2, '奈那'),
(1454, 2, '穂花'),
(1455, 2, '由依'),
(1456, 2, '百華'),
(1457, 2, 'みゆき'),
(1458, 2, 'そら'),
(1459, 2, '琴子'),
(1460, 2, '梨緒'),
(1461, 2, '璃乃'),
(1462, 2, '柚花'),
(1463, 2, '文子'),
(1464, 2, '涼'),
(1465, 2, '夏海'),
(1466, 2, '実桜'),
(1467, 2, '亜衣'),
(1468, 2, '紗英'),
(1469, 2, '栞奈'),
(1470, 2, '静香'),
(1471, 2, '千穂'),
(1472, 2, '陽菜乃'),
(1473, 2, '未央'),
(1474, 2, '陽和'),
(1475, 2, '志織'),
(1476, 2, '真歩'),
(1477, 2, '夏美'),
(1478, 2, 'こはる'),
(1479, 2, '友紀'),
(1480, 2, '紗彩'),
(1481, 2, '悠里'),
(1482, 2, '柚奈'),
(1483, 2, '綾菜'),
(1484, 2, '志乃'),
(1485, 2, '実結'),
(1486, 2, '美晴'),
(1487, 2, '柚菜'),
(1488, 2, '更紗'),
(1489, 2, '百香'),
(1490, 2, '寛子'),
(1491, 2, '明里'),
(1492, 2, '絢'),
(1493, 2, '良子'),
(1494, 2, '唯花'),
(1495, 2, '菜穂'),
(1496, 2, '桃華'),
(1497, 2, '絢子'),
(1498, 2, '悠菜'),
(1499, 2, '美来'),
(1500, 2, '清香'),
(1501, 2, '真穂'),
(1502, 2, '百合'),
(1503, 2, '華子'),
(1504, 2, '凜'),
(1505, 2, '明莉'),
(1506, 2, '優依'),
(1507, 2, '美紅'),
(1508, 2, '綾花'),
(1509, 2, '千佳'),
(1510, 2, '蓮'),
(1511, 2, '楓香'),
(1512, 2, '美琴'),
(1513, 2, '梨子'),
(1514, 2, '優華'),
(1515, 2, '奈津子'),
(1516, 2, '穂乃花'),
(1517, 2, '佳代'),
(1518, 2, '里紗'),
(1519, 2, '奈々美'),
(1520, 2, '梢'),
(1521, 2, '萌衣'),
(1522, 2, '紗羅'),
(1523, 2, '紗耶'),
(1524, 2, '聡美'),
(1525, 2, '百合子'),
(1526, 2, '日菜子'),
(1527, 2, '麻耶'),
(1528, 2, '真実'),
(1529, 2, '夏実'),
(1530, 2, 'さつき'),
(1531, 2, '円'),
(1532, 2, '桜花'),
(1533, 2, '瑠花'),
(1534, 2, '愛音'),
(1535, 2, '美玖'),
(1536, 2, '夏音'),
(1537, 2, '菜央'),
(1538, 2, '莉桜'),
(1539, 2, '梨紗'),
(1540, 2, '奏音'),
(1541, 2, '亜子'),
(1542, 2, 'りこ'),
(1543, 2, '凪'),
(1544, 2, '悠奈'),
(1545, 2, '華蓮'),
(1546, 2, '和佳'),
(1547, 2, '涼香'),
(1548, 2, '明'),
(1549, 2, '千咲'),
(1550, 2, '舞子'),
(1551, 2, '双葉'),
(1552, 2, '沙紀'),
(1553, 2, '葉子'),
(1554, 2, '愛結'),
(1555, 2, '雅美'),
(1556, 2, '真桜'),
(1557, 2, '詩'),
(1558, 2, '果穂'),
(1559, 2, 'さおり'),
(1560, 2, '音羽'),
(1561, 2, '光希'),
(1562, 2, '彩希'),
(1563, 2, '碧衣'),
(1564, 2, '彩那'),
(1565, 2, '香音'),
(1566, 2, '麻子'),
(1567, 2, 'ななみ'),
(1568, 2, '舞桜'),
(1569, 2, '花蓮'),
(1570, 2, '友菜'),
(1571, 2, '文香'),
(1572, 2, '蒼依'),
(1573, 2, '梨沙'),
(1574, 2, '桃佳'),
(1575, 2, '文'),
(1576, 2, '陽菜子'),
(1577, 2, '苺'),
(1578, 2, '絢乃'),
(1579, 2, '亜由美'),
(1580, 2, '紬'),
(1581, 2, '杏子'),
(1582, 2, '咲季'),
(1583, 2, '樹'),
(1584, 2, '美菜'),
(1585, 2, '慶子'),
(1586, 2, '千紗'),
(1587, 2, '梨奈'),
(1588, 2, '宏美'),
(1589, 2, '佑奈'),
(1590, 2, '晴美'),
(1591, 2, '恵理'),
(1592, 2, '結那'),
(1593, 2, '美紗'),
(1594, 2, 'かのん'),
(1595, 2, '智恵'),
(1596, 2, '理奈'),
(1597, 2, '知佳'),
(1598, 2, '佳音'),
(1599, 2, '悠香'),
(1600, 2, '寧音'),
(1601, 2, '由愛'),
(1602, 2, 'あずさ'),
(1603, 2, '莉紗'),
(1604, 2, 'なな'),
(1605, 2, '容子'),
(1606, 2, '紗羽'),
(1607, 2, '乙葉'),
(1608, 2, '礼子'),
(1609, 2, '瑞樹'),
(1610, 2, '麻里'),
(1611, 2, '奈穂'),
(1612, 2, '絢菜'),
(1613, 2, '華奈'),
(1614, 2, '蒼衣'),
(1615, 2, '亜実'),
(1616, 2, '真生'),
(1617, 2, '有里'),
(1618, 2, 'さゆり'),
(1619, 2, '愛心'),
(1620, 2, '雛'),
(1621, 2, '陽葵'),
(1622, 2, '佳代子'),
(1623, 2, '咲月'),
(1624, 2, '小夏'),
(1625, 2, '知美'),
(1626, 2, '晶'),
(1627, 2, '陽愛'),
(1628, 2, '伶奈'),
(1629, 2, '亜希'),
(1630, 2, '若奈'),
(1631, 2, '妃菜'),
(1632, 2, '奈月'),
(1633, 2, '飛鳥'),
(1634, 2, '真由子'),
(1635, 2, 'なつみ'),
(1636, 2, '実里'),
(1637, 2, '茉央'),
(1638, 2, '海音'),
(1639, 2, '椛'),
(1640, 2, '悠月'),
(1641, 2, '希実'),
(1642, 2, '梨音'),
(1643, 2, '佳穂'),
(1644, 2, '凪紗'),
(1645, 2, '花乃'),
(1646, 2, '朋美'),
(1647, 2, '莉愛'),
(1648, 2, '里咲'),
(1649, 2, '一華'),
(1650, 2, '彩愛'),
(1651, 2, '咲子'),
(1652, 2, '莉沙'),
(1653, 2, '優莉'),
(1654, 2, '真愛'),
(1655, 2, 'りん'),
(1656, 2, '倫子'),
(1657, 2, '智香'),
(1658, 2, '沙奈'),
(1659, 2, '香凛'),
(1660, 2, '由梨'),
(1661, 2, '真紀子'),
(1662, 2, '心陽'),
(1663, 2, '聖'),
(1664, 2, '里香'),
(1665, 2, 'あすか'),
(1666, 2, '絵里'),
(1667, 2, '羽奈'),
(1668, 2, '璃奈'),
(1669, 2, '理乃'),
(1670, 2, '妃奈'),
(1671, 2, 'いずみ'),
(1672, 2, '麻奈'),
(1673, 2, '柚季'),
(1674, 2, '麻緒'),
(1675, 2, '史織'),
(1676, 2, '凪沙'),
(1677, 2, '博子'),
(1678, 2, '凛華'),
(1679, 2, '里穂'),
(1680, 2, '華凛'),
(1681, 2, '咲菜'),
(1682, 2, '綾華'),
(1683, 2, '由香里'),
(1684, 2, '華乃'),
(1685, 2, '理桜'),
(1686, 2, '尚美'),
(1687, 2, '美和子'),
(1688, 2, '美怜'),
(1689, 2, '忍'),
(1690, 2, '琴羽'),
(1691, 2, '凛乃'),
(1692, 2, '柚子'),
(1693, 2, '美悠'),
(1694, 2, '夢'),
(1695, 2, '心羽'),
(1696, 2, '友子'),
(1697, 2, '有美'),
(1698, 2, '浩子'),
(1699, 2, '妙子'),
(1700, 2, '茉奈'),
(1701, 2, '遥奈'),
(1702, 2, '栞菜'),
(1703, 2, '文音'),
(1704, 2, '佳織'),
(1705, 2, '美花'),
(1706, 2, '美貴'),
(1707, 2, '香穂'),
(1708, 2, '珠希'),
(1709, 2, '安奈'),
(1710, 2, '有香'),
(1711, 2, 'のぞみ'),
(1712, 2, '昌子'),
(1713, 2, '佳歩'),
(1714, 2, '花帆'),
(1715, 2, 'りお'),
(1716, 2, '瑠衣'),
(1717, 2, 'しおり'),
(1718, 2, '和音'),
(1719, 2, '楓華'),
(1720, 2, '唯菜'),
(1721, 2, '晴'),
(1722, 2, 'いろは'),
(1723, 2, '千秋'),
(1724, 2, '奈津美'),
(1725, 2, '藍子'),
(1726, 2, '瑞貴'),
(1727, 2, 'かりん'),
(1728, 2, '未羽'),
(1729, 2, '仁菜'),
(1730, 2, '稟'),
(1731, 2, '知里'),
(1732, 2, '麻由'),
(1733, 2, '弘子'),
(1734, 2, '百恵'),
(1735, 2, '菜奈'),
(1736, 2, '文乃'),
(1737, 2, '舞花'),
(1738, 2, '沙和'),
(1739, 2, 'かえで'),
(1740, 2, '優空'),
(1741, 2, '沙弥'),
(1742, 2, '心暖'),
(1743, 2, 'かれん'),
(1744, 2, '明音'),
(1745, 2, '苺花'),
(1746, 2, '玲那'),
(1747, 2, '律子'),
(1748, 2, 'ののか'),
(1749, 2, '侑奈'),
(1750, 2, '怜菜'),
(1751, 2, '早希'),
(1752, 2, '真澄'),
(1753, 2, '汐里'),
(1754, 2, '琴'),
(1755, 2, '里沙'),
(1756, 2, '礼奈'),
(1757, 2, '志歩'),
(1758, 2, '美雪'),
(1759, 2, '英子'),
(1760, 2, '亜弥'),
(1761, 2, '花歩'),
(1762, 2, '紗綾'),
(1763, 2, 'まゆみ'),
(1764, 2, '結心'),
(1765, 2, 'つぐみ'),
(1766, 2, '悠那'),
(1767, 2, '瑠香'),
(1768, 2, '純'),
(1769, 2, '瑞姫'),
(1770, 2, '実緒'),
(1771, 2, '皐月'),
(1772, 2, '彩心'),
(1773, 2, '望愛'),
(1774, 2, '香乃'),
(1775, 2, '優心'),
(1776, 2, '来実'),
(1777, 2, '響子'),
(1778, 2, 'あや'),
(1779, 2, '葉奈'),
(1780, 2, '瑠那'),
(1781, 2, '沙彩'),
(1782, 2, '陽南'),
(1783, 2, '結羽'),
(1784, 2, '眞子'),
(1785, 2, '琉奈'),
(1786, 2, '瑠美'),
(1787, 2, '舞衣'),
(1788, 2, '花恋'),
(1789, 2, '花穂'),
(1790, 2, '真尋'),
(1791, 2, '遙香'),
(1792, 2, '圭子'),
(1793, 2, '清美'),
(1794, 2, '実央'),
(1795, 2, '帆香'),
(1796, 2, '実花'),
(1797, 2, '那奈'),
(1798, 2, '心海'),
(1799, 2, '裕美子'),
(1800, 2, '涼花'),
(1801, 2, '亜矢'),
(1802, 2, '咲花'),
(1803, 2, '結芽'),
(1804, 2, '奈緒美'),
(1805, 2, 'ありさ'),
(1806, 2, '香里'),
(1807, 2, '唯愛'),
(1808, 2, 'いづみ'),
(1809, 2, '瑠華'),
(1810, 2, 'あやめ'),
(1811, 2, '日葵'),
(1812, 2, '涼音'),
(1813, 2, 'もえ'),
(1814, 2, '康子'),
(1815, 2, '杏里'),
(1816, 2, '美織'),
(1817, 2, '美春'),
(1818, 2, '美南'),
(1819, 2, '友梨'),
(1820, 2, 'はるな'),
(1821, 2, '緑'),
(1822, 2, '朋花'),
(1823, 2, '恵理子'),
(1824, 2, '咲耶'),
(1825, 2, '千恵子'),
(1826, 2, '佐和'),
(1827, 2, '円香'),
(1828, 2, '里佳'),
(1829, 2, '花子'),
(1830, 2, '桃果'),
(1831, 2, '莉穂'),
(1832, 2, 'ゆう'),
(1833, 2, '綾奈'),
(1834, 2, '夏子'),
(1835, 2, '鈴菜'),
(1836, 2, '葉菜'),
(1837, 2, '理絵'),
(1838, 2, '唯奈'),
(1839, 2, '華菜'),
(1840, 2, '夕菜'),
(1841, 2, '亜紀子'),
(1842, 2, '心和'),
(1843, 2, '真結'),
(1844, 2, '静'),
(1845, 2, '怜那'),
(1846, 2, '美愛'),
(1847, 2, '咲奈'),
(1848, 2, '節子'),
(1849, 2, '真依'),
(1850, 2, '彩芽'),
(1851, 2, '舞香'),
(1852, 2, '美姫'),
(1853, 2, '由貴'),
(1854, 2, '月'),
(1855, 2, '朋香'),
(1856, 2, '灯'),
(1857, 2, '美玲'),
(1858, 2, '帆花'),
(1859, 2, 'みずき'),
(1860, 2, '柚羽'),
(1861, 2, '泰子'),
(1862, 2, '絵理'),
(1863, 2, '汐音'),
(1864, 2, '結華'),
(1865, 2, '香帆'),
(1866, 2, '郁子'),
(1867, 2, '万葉'),
(1868, 2, '桃歌'),
(1869, 2, '咲和'),
(1870, 2, '菜那'),
(1871, 2, '花鈴'),
(1872, 2, '暖'),
(1873, 2, '千花'),
(1874, 2, '柚衣'),
(1875, 2, '啓子'),
(1876, 2, '雛乃'),
(1877, 2, '小梅'),
(1878, 2, '奈緒子'),
(1879, 2, '和華'),
(1880, 2, '莉歩'),
(1881, 2, '音々'),
(1882, 2, '靖子'),
(1883, 2, '睦'),
(1884, 2, '千陽'),
(1885, 2, '香苗'),
(1886, 2, '音葉'),
(1887, 2, '千明'),
(1888, 2, '希望'),
(1889, 2, '都'),
(1890, 2, '敬子'),
(1891, 2, '紗衣'),
(1892, 2, '萌華'),
(1893, 2, '柚乃'),
(1894, 2, '夢乃'),
(1895, 2, '愛依'),
(1896, 2, '愛果'),
(1897, 2, '果音'),
(1898, 2, '沙菜'),
(1899, 2, '真悠'),
(1900, 2, '亜矢子'),
(1901, 2, '和代'),
(1902, 2, 'かんな'),
(1903, 2, 'さら'),
(1904, 2, '真凛'),
(1905, 2, '夏鈴'),
(1906, 2, '乃亜'),
(1907, 2, '杏香'),
(1908, 2, '麗子'),
(1909, 2, '翔子'),
(1910, 2, '悠乃'),
(1911, 2, 'りな'),
(1912, 2, '優音'),
(1913, 2, '愛衣'),
(1914, 2, 'あみ'),
(1915, 2, '心奈'),
(1916, 2, '美代子'),
(1917, 2, '茉優'),
(1918, 2, '栞那'),
(1919, 2, '櫻'),
(1920, 2, '弘美'),
(1921, 2, '祐奈'),
(1922, 2, '歌音'),
(1923, 2, '晴子'),
(1924, 2, '梨香'),
(1925, 2, '萌愛'),
(1926, 2, '里歩'),
(1927, 2, '利奈'),
(1928, 2, '千愛'),
(1929, 2, '紗矢'),
(1930, 2, '日菜乃'),
(1931, 2, '歩花'),
(1932, 2, '知花'),
(1933, 2, '海'),
(1934, 2, '美憂'),
(1935, 2, '理香'),
(1936, 2, '実莉'),
(1937, 2, '彩佳'),
(1938, 2, '愛夏'),
(1939, 2, '麗香'),
(1940, 2, 'はる'),
(1941, 2, '咲羽'),
(1942, 2, '礼'),
(1943, 2, '陽那'),
(1944, 2, 'さな'),
(1945, 2, '悠希'),
(1946, 2, '幸代'),
(1947, 2, '紗也'),
(1948, 2, 'ももか'),
(1949, 2, '柑奈'),
(1950, 2, '帆夏'),
(1951, 2, '佳奈子'),
(1952, 2, '葵依'),
(1953, 2, '里子'),
(1954, 2, '和佳奈'),
(1955, 2, '芽唯'),
(1956, 2, '紗世'),
(1957, 2, '佑香'),
(1958, 2, '郁美'),
(1959, 2, '七美'),
(1960, 2, 'ゆり'),
(1961, 2, '果凛'),
(1962, 2, 'みちる'),
(1963, 2, '麗華'),
(1964, 2, '知世'),
(1965, 2, '愛生'),
(1966, 2, 'りさ'),
(1967, 2, '瑞葵'),
(1968, 2, '未來'),
(1969, 2, '佐和子'),
(1970, 2, '遥佳'),
(1971, 2, '彩美'),
(1972, 2, '紫音'),
(1973, 2, '裕香'),
(1974, 2, '景子'),
(1975, 2, '愛乃'),
(1976, 2, '帆乃香'),
(1977, 2, '杏莉'),
(1978, 2, '日向子'),
(1979, 2, '晴花'),
(1980, 2, '夏穂'),
(1981, 2, '理恵子'),
(1982, 2, '瑞稀'),
(1983, 2, '久子'),
(1984, 2, '碧依'),
(1985, 2, '紫'),
(1986, 2, '望美'),
(1987, 2, 'しずく'),
(1988, 2, '杏花'),
(1989, 2, '晴奈'),
(1990, 2, '翼'),
(1991, 2, '愛彩'),
(1992, 2, '和葉'),
(1993, 2, '麻紀'),
(1994, 2, '百音'),
(1995, 2, '愛唯'),
(1996, 2, '咲穂'),
(1997, 2, '胡春'),
(1998, 2, '琉花'),
(1999, 2, '璃央'),
(2000, 2, '紗月'),
(2001, 3, '佐藤'),
(2002, 3, '鈴木'),
(2003, 3, '高橋'),
(2004, 3, '田中'),
(2005, 3, '渡辺'),
(2006, 3, '渡邊'),
(2007, 3, '伊藤'),
(2008, 3, '山本'),
(2009, 3, '中村'),
(2010, 3, '小林'),
(2011, 3, '加藤'),
(2012, 3, '吉田'),
(2013, 3, '山田'),
(2014, 3, '佐々木'),
(2015, 3, '山口'),
(2016, 3, '斎藤'),
(2017, 3, '齋藤'),
(2018, 3, '松本'),
(2019, 3, '井上'),
(2020, 3, '木村'),
(2021, 3, '林'),
(2022, 3, '清水'),
(2023, 3, '山崎'),
(2024, 3, '森'),
(2025, 3, '阿部'),
(2026, 3, '池田'),
(2027, 3, '橋本'),
(2028, 3, '山下'),
(2029, 3, '石川'),
(2030, 3, '中島'),
(2031, 3, '前田'),
(2032, 3, '藤田'),
(2033, 3, '小川'),
(2034, 3, '後藤'),
(2035, 3, '岡田'),
(2036, 3, '長谷川'),
(2037, 3, '村上'),
(2038, 3, '近藤'),
(2039, 3, '石井'),
(2040, 3, '斉藤'),
(2041, 3, '齊藤'),
(2042, 3, '坂本'),
(2043, 3, '遠藤'),
(2044, 3, '青木'),
(2045, 3, '藤井'),
(2046, 3, '西村'),
(2047, 3, '福田'),
(2048, 3, '太田'),
(2049, 3, '三浦'),
(2050, 3, '岡本'),
(2051, 3, '松田'),
(2052, 3, '中川'),
(2053, 3, '中野'),
(2054, 3, '原田'),
(2055, 3, '小野'),
(2056, 3, '田村'),
(2057, 3, '竹内'),
(2058, 3, '藤原'),
(2059, 3, '金子'),
(2060, 3, '和田'),
(2061, 3, '中山'),
(2062, 3, '石田'),
(2063, 3, '上田'),
(2064, 3, '森田'),
(2065, 3, '原'),
(2066, 3, '柴田'),
(2067, 3, '酒井'),
(2068, 3, '工藤'),
(2069, 3, '横山'),
(2070, 3, '宮崎'),
(2071, 3, '宮本'),
(2072, 3, '内田'),
(2073, 3, '高木'),
(2074, 3, '安藤'),
(2075, 3, '谷口'),
(2076, 3, '大野'),
(2077, 3, '丸山'),
(2078, 3, '今井'),
(2079, 3, '高田'),
(2080, 3, '藤本'),
(2081, 3, '武田'),
(2082, 3, '村田'),
(2083, 3, '上野'),
(2084, 3, '杉山'),
(2085, 3, '増田'),
(2086, 3, '菅原'),
(2087, 3, '平野'),
(2088, 3, '大塚'),
(2089, 3, '小島'),
(2090, 3, '千葉'),
(2091, 3, '久保'),
(2092, 3, '松井'),
(2093, 3, '岩崎'),
(2094, 3, '桜井'),
(2095, 3, '櫻井'),
(2096, 3, '野口'),
(2097, 3, '松尾'),
(2098, 3, '野村'),
(2099, 3, '木下'),
(2100, 3, '菊地'),
(2101, 3, '佐野'),
(2102, 3, '大西'),
(2103, 3, '杉本'),
(2104, 3, '新井'),
(2105, 3, '濱田'),
(2106, 3, '浜田'),
(2107, 3, '市川'),
(2108, 3, '古川'),
(2109, 3, '水野'),
(2110, 3, '小松'),
(2111, 3, '島田'),
(2112, 3, '小山'),
(2113, 3, '高野'),
(2114, 3, '山内'),
(2115, 3, '西田'),
(2116, 3, '菊池'),
(2117, 3, '西川'),
(2118, 3, '五十嵐'),
(2119, 3, '北村'),
(2120, 3, '安田'),
(2121, 3, '中田'),
(2122, 3, '川口'),
(2123, 3, '平田'),
(2124, 3, '川崎'),
(2125, 3, '飯田'),
(2126, 3, '吉川'),
(2127, 3, '本田'),
(2128, 3, '久保田'),
(2129, 3, '沢田'),
(2130, 3, '辻'),
(2131, 3, '澤田'),
(2132, 3, '関'),
(2133, 3, '吉村'),
(2134, 3, '渡部'),
(2135, 3, '岩田'),
(2136, 3, '中西'),
(2137, 3, '服部'),
(2138, 3, '樋口'),
(2139, 3, '福島'),
(2140, 3, '川上'),
(2141, 3, '永井'),
(2142, 3, '松岡'),
(2143, 3, '田口'),
(2144, 3, '山中'),
(2145, 3, '森本'),
(2146, 3, '土屋'),
(2147, 3, '矢野'),
(2148, 3, '広瀬'),
(2149, 3, '廣瀬'),
(2150, 3, '小沢'),
(2151, 3, '小澤'),
(2152, 3, '秋山'),
(2153, 3, '石原'),
(2154, 3, '松下'),
(2155, 3, '馬場'),
(2156, 3, '大橋'),
(2157, 3, '松浦'),
(2158, 3, '吉岡'),
(2159, 3, '小池'),
(2160, 3, '浅野'),
(2161, 3, '荒木'),
(2162, 3, '大久保'),
(2163, 3, '野田'),
(2164, 3, '熊谷'),
(2165, 3, '田辺'),
(2166, 3, '田邊'),
(2167, 3, '川村'),
(2168, 3, '星野'),
(2169, 3, '黒田'),
(2170, 3, '堀'),
(2171, 3, '尾崎'),
(2172, 3, '望月'),
(2173, 3, '永田'),
(2174, 3, '大谷'),
(2175, 3, '内藤'),
(2176, 3, '松村'),
(2177, 3, '西山'),
(2178, 3, '平井'),
(2179, 3, '大島'),
(2180, 3, '岩本'),
(2181, 3, '片山'),
(2182, 3, '本間'),
(2183, 3, '早川'),
(2184, 3, '横田'),
(2185, 3, '岡崎'),
(2186, 3, '荒井'),
(2187, 3, '大石'),
(2188, 3, '鎌田'),
(2189, 3, '成田'),
(2190, 3, '宮田'),
(2191, 3, '小田'),
(2192, 3, '石橋'),
(2193, 3, '河野'),
(2194, 3, '篠原'),
(2195, 3, '須藤'),
(2196, 3, '高山'),
(2197, 3, '大沢'),
(2198, 3, '大澤'),
(2199, 3, '小西'),
(2200, 3, '南'),
(2201, 3, '栗原'),
(2202, 3, '伊東'),
(2203, 3, '松原'),
(2204, 3, '三宅'),
(2205, 3, '福井'),
(2206, 3, '大森'),
(2207, 3, '奥村'),
(2208, 3, '岡'),
(2209, 3, '内山'),
(2210, 3, '片岡'),
(2211, 4, 'ICT産業論'),
(2212, 4, 'ITプロジェクト管理 '),
(2213, 4, 'Webインテリジェンス特論 '),
(2214, 4, 'インテリジェントインタフェース特論 '),
(2215, 4, 'エンタテインメントコンピューティング特論  '),
(2216, 4, 'キャリアデザイン論 '),
(2217, 4, 'コンピュータビジョン特論 '),
(2218, 4, 'システム制御特論 '),
(2219, 4, 'バイオエンジニアリング特論 '),
(2220, 4, 'ビジュアルコンピューティング特論 '),
(2221, 4, 'ヒューマンインタフェース特論'),
(2222, 4, 'プロジェクト管理論 '),
(2223, 4, 'ものづくり基礎論 '),
(2224, 4, '音声音響メディア特論 '),
(2225, 4, '科学技術と社会 '),
(2226, 4, '科学技術英語 '),
(2227, 4, '科学技術表現'),
(2228, 4, '画像解析と機械学習特論 '),
(2229, 4, '画像処理特論 '),
(2230, 4, '海外実習 '),
(2231, 4, '感覚知覚メディア特論 '),
(2232, 4, '技術経営概論 '),
(2233, 4, '言語メディア特論 '),
(2234, 4, '公共技術政策特論'),
(2235, 4, '国際技術協力特論 '),
(2236, 4, '国内実習'),
(2237, 4, '人工知能特論 '),
(2238, 4, '生体情報処理特論 '),
(2239, 4, '知的所有権概論'),
(2240, 4, '知能システム特論 '),
(2241, 4, '知能機械特論 '),
(2242, 4, '地球環境特論'),
(2243, 4, '特殊講義'),
(2244, 4, '脳機能情報処理特論 '),
(2245, 5, '55ステーション'),
(2246, 5, 'ACCESS'),
(2247, 5, 'AIGエジソン生命保険'),
(2248, 5, 'AOCホールディングス'),
(2249, 5, 'ＡＳＴＩ'),
(2250, 5, 'CFSコーポレーション'),
(2251, 5, 'ＣＩＪ'),
(2252, 5, 'ＣＫＤ'),
(2253, 5, 'ＣＲＣソリューションズ'),
(2254, 5, 'CSK'),
(2255, 5, 'ＤＮＡチップ研究所'),
(2256, 5, 'ECC総本部'),
(2257, 5, 'ＥＭシステムズ'),
(2258, 5, 'Ｅストアー'),
(2259, 5, 'ＦＤＫ'),
(2260, 5, 'GFC'),
(2261, 5, 'ＧＳＩクレオス'),
(2262, 5, 'HOYA'),
(2263, 5, 'IDEC'),
(2264, 5, 'INAX'),
(2265, 5, 'JALUX'),
(2266, 5, 'JEUGIA'),
(2267, 5, 'ＪＦＥシステムズ'),
(2268, 5, 'JFEホールディングス'),
(2269, 5, 'JSAT'),
(2270, 5, 'JSR'),
(2271, 5, 'JUKI'),
(2272, 5, 'Ｊストリーム'),
(2273, 5, 'KDDI'),
(2274, 5, 'KVK'),
(2275, 5, 'LG電子ジャパン'),
(2276, 5, 'ＬＩＨＩＴ　ＬＡＢ'),
(2277, 5, 'M I Eテクノ'),
(2278, 5, 'MARUWA'),
(2279, 5, 'ＭＯＲＥＳＣＯ'),
(2280, 5, 'MSC'),
(2281, 5, 'ＮＥＣソフト'),
(2282, 5, 'ＮＥＣトーキン'),
(2283, 5, 'ＮＥＣフィールディング'),
(2284, 5, 'NOK'),
(2285, 5, 'ＮＴＮ'),
(2286, 5, 'NTTデータ'),
(2287, 5, 'ＰＡＬＴＥＫ'),
(2288, 5, 'PLANT'),
(2289, 5, 'Rush'),
(2290, 5, 'SBI証券'),
(2291, 5, 'SECカーボン'),
(2292, 5, 'SFCG'),
(2293, 5, 'ＳＭＢＣフレンド証券'),
(2294, 5, 'SMC'),
(2295, 5, 'ＳＭＫ'),
(2296, 5, 'ＳＰＫ'),
(2297, 5, 'ＳＲＡ'),
(2298, 5, 'STEILAR C.K.M'),
(2299, 5, 'ＳＵＮＸ'),
(2300, 5, 'Ｔ＆Ｄホールディングス'),
(2301, 5, 'T&K　TOKA'),
(2302, 5, 'ＴＡＣ'),
(2303, 5, 'TBK'),
(2304, 5, 'TCM'),
(2305, 5, 'ＴＤＣソフトウェアエンジニアリング'),
(2306, 5, 'ＴＨＫ'),
(2307, 5, 'TOA'),
(2308, 5, 'ＴＯＷＡ'),
(2309, 5, 'TTG'),
(2310, 5, 'UCC上島珈琲'),
(2311, 5, 'UEX'),
(2312, 5, 'UFJ銀行'),
(2313, 5, 'UHA味覚糖'),
(2314, 5, 'USEN'),
(2315, 5, 'ＶＴホールディングス'),
(2316, 5, 'WOWOW'),
(2317, 5, 'YKK'),
(2318, 5, 'ＹＯＺＡＮ'),
(2319, 5, 'アーク'),
(2320, 5, 'アークス'),
(2321, 5, 'アース製薬'),
(2322, 5, 'アートコーポレーション'),
(2323, 5, 'アートネイチャー'),
(2324, 5, 'アーバンライフ'),
(2325, 5, 'アールビバン'),
(2326, 5, 'アーレスティ'),
(2327, 5, 'アーレスティ'),
(2328, 5, 'アイ・エス・ビー'),
(2329, 5, 'アイ・エックス・アイ'),
(2330, 5, 'アイ・エム・アイ'),
(2331, 5, 'アイ・オー・データ機器'),
(2332, 5, 'アイ・ティー・エックス'),
(2333, 5, 'アイ・ロジスティクス'),
(2334, 5, 'アイエー'),
(2335, 5, 'アイエヌジー生命保険'),
(2336, 5, 'あいおい損害保険'),
(2337, 5, 'アイコム'),
(2338, 5, 'アイシン・エィ・ダブリュ'),
(2339, 5, 'アイシン精機'),
(2340, 5, 'アイチコーポレーション'),
(2341, 5, 'アイデアル'),
(2342, 5, 'アイティフォー'),
(2343, 5, 'アイネット'),
(2344, 5, 'アイピーエス'),
(2345, 5, 'アイビー化粧品'),
(2346, 5, 'アイフル'),
(2347, 5, 'アイホン'),
(2348, 5, 'アイユーケー'),
(2349, 5, 'アイレックス'),
(2350, 5, 'アイロム'),
(2351, 5, 'アイワイバンク銀行'),
(2352, 5, 'アインメディカルシステムズ'),
(2353, 5, 'アオキインターナショナル'),
(2354, 5, 'アキレス'),
(2355, 5, 'アクサ生命保険'),
(2356, 5, 'アクセル'),
(2357, 5, 'アグレックス'),
(2358, 5, 'アグロ カネショウ'),
(2359, 5, 'アコム'),
(2360, 5, 'アサツーディ・ケイ'),
(2361, 5, 'アサヒビール'),
(2362, 5, 'アサヒ飲料'),
(2363, 5, 'アシード'),
(2364, 5, 'あじかん'),
(2365, 5, 'アシックス'),
(2366, 5, 'アスカ'),
(2367, 5, 'あすか製薬'),
(2368, 5, 'アスキー'),
(2369, 5, 'アスクル'),
(2370, 5, 'アステラス製薬'),
(2371, 5, 'あずみ'),
(2372, 5, 'アセット・マネジャーズ'),
(2373, 5, 'アツギ'),
(2374, 5, 'アップガレージ'),
(2375, 5, 'アップルコンピュータ'),
(2376, 5, 'アディダスジャパン'),
(2377, 5, 'アデコ'),
(2378, 5, 'アテナ工業'),
(2379, 5, 'アデランス'),
(2380, 5, 'アドテック'),
(2381, 5, 'アドバネクス'),
(2382, 5, 'アドバンスクリエイト'),
(2383, 5, 'アドバンテスト'),
(2384, 5, 'アトミクス'),
(2385, 5, 'アトム'),
(2386, 5, 'アトラス'),
(2387, 5, 'アパマンショップネットワーク'),
(2388, 5, 'アビバジャパン'),
(2389, 5, 'アビバジャパン'),
(2390, 5, 'アビリット'),
(2391, 5, 'アプラス'),
(2392, 5, 'アプレック'),
(2393, 5, 'アベルコ'),
(2394, 5, 'アマゾンジャパン'),
(2395, 5, 'アマダ'),
(2396, 5, 'アマダ'),
(2397, 5, 'アマテイ'),
(2398, 5, 'アマノ'),
(2399, 5, 'あみやき亭'),
(2400, 5, 'アライドテレシスホールディングス'),
(2401, 5, 'アラクス'),
(2402, 5, 'アリコジャパン'),
(2403, 5, 'アルゴ２１'),
(2404, 5, 'アルゼ'),
(2405, 5, 'アルバイトタイムス'),
(2406, 5, 'アルパイン'),
(2407, 5, 'アルバック'),
(2408, 5, 'アルビス'),
(2409, 5, 'アルプス技研'),
(2410, 5, 'アルプス電気'),
(2411, 5, 'アロカ'),
(2412, 5, 'アロン化成'),
(2413, 5, 'アヲハタ'),
(2414, 5, 'アンジェス MG'),
(2415, 5, 'アンデルセン'),
(2416, 5, 'アントイレプランナー'),
(2417, 5, 'アンリツ'),
(2418, 5, 'イー・アクセス'),
(2419, 5, 'イー・エス・エス'),
(2420, 5, 'イーオン'),
(2421, 5, 'イーシー・ワン'),
(2422, 5, 'イーター電機工業'),
(2423, 5, 'イーピーエス'),
(2424, 5, 'イエローハット'),
(2425, 5, 'イオナインターナショナル'),
(2426, 5, 'イオン'),
(2427, 5, 'イオン'),
(2428, 5, 'イオン九州'),
(2429, 5, 'イカリソース'),
(2430, 5, 'イクヨ'),
(2431, 5, 'いすゞ自動車'),
(2432, 5, 'イズミヤ'),
(2433, 5, 'イソライト工業'),
(2434, 5, 'イチジク製薬'),
(2435, 5, 'イチヤ'),
(2436, 5, 'イトーキ'),
(2437, 5, 'イトーヨーカ堂'),
(2438, 5, 'イノテック'),
(2439, 5, 'イハラケミカル工業'),
(2440, 5, 'イハラサイエンス'),
(2441, 5, 'イマジニア'),
(2442, 5, 'イメージワン'),
(2443, 5, 'イリソ電子工業'),
(2444, 5, 'イワブチ'),
(2445, 5, 'インターアクション'),
(2446, 5, 'インターニックス'),
(2447, 5, 'インターネット　セキュリティ　システムズ'),
(2448, 5, 'インターネット総合研究所'),
(2449, 5, 'インテージ'),
(2450, 5, 'インテック・ウェブ・アンド・ゲノム・インフォマティクス'),
(2451, 5, 'インデックス'),
(2452, 5, 'インテリジェンス'),
(2453, 5, 'インテリジェント ウェイブ'),
(2454, 5, 'インテル'),
(2455, 5, 'インパクト21'),
(2456, 5, 'インフォメーション クリエーティフ゛'),
(2457, 5, 'インプレス'),
(2458, 5, 'インボイス'),
(2459, 5, 'ヴァーナル'),
(2460, 5, 'ヴァリック'),
(2461, 5, 'ウィーヴ'),
(2462, 5, 'ウィルソン・ラーニング ワールドワイド'),
(2463, 5, 'ウイング'),
(2464, 5, 'ウインテスト'),
(2465, 5, 'ウエスコ'),
(2466, 5, 'ウェラジャパン'),
(2467, 5, 'ウシオ電機'),
(2468, 5, 'ウッドランド'),
(2469, 5, 'ウライ'),
(2470, 5, 'エア・ウォーター・エモト'),
(2471, 5, 'エイアンドティー'),
(2472, 5, 'エイケン工業'),
(2473, 5, 'エイジス'),
(2474, 5, 'エイチ・アイ・エス'),
(2475, 5, 'エイト日本技術開発（エイトコンサルタント）'),
(2476, 5, 'エイブル'),
(2477, 5, 'エイベックス・グループ・ホールディングス'),
(2478, 5, 'エイボン・プロダクツ'),
(2479, 5, 'エー・アンド・アイ　システム'),
(2480, 5, 'エー・アンド・アイ システム'),
(2481, 5, 'エー・アンド・デイ'),
(2482, 5, 'エーアンドエーマテリアル'),
(2483, 5, 'エーエム・ピーエム・ジャパン'),
(2484, 5, 'エーザイ'),
(2485, 5, 'エージーピー'),
(2486, 5, 'エース'),
(2487, 5, 'エースコック'),
(2488, 5, 'エース交易'),
(2489, 5, 'エース損害保険'),
(2490, 5, 'エーティーエルシステムズ'),
(2491, 5, 'エクセディ'),
(2492, 5, 'エクセル'),
(2493, 5, 'エコートレーディング'),
(2494, 5, 'エコス'),
(2495, 5, 'エス・イー・エス'),
(2496, 5, 'エス・バイ・エル'),
(2497, 5, 'エスアールエル'),
(2498, 5, 'エスエスケイ'),
(2499, 5, 'エスエス製薬'),
(2500, 5, 'エスケイジャパン'),
(2501, 5, 'エスケーアイ'),
(2502, 5, 'エスコム'),
(2503, 5, 'エステール'),
(2504, 5, 'エステー化学'),
(2505, 5, 'エスビーエス');
INSERT INTO `tb_element` (`eid`, `sid`, `ename`) VALUES
(2506, 5, 'エスフーズ'),
(2507, 5, 'エスペック'),
(2508, 5, 'エスラインギフ'),
(2509, 5, 'エディオン'),
(2510, 5, 'エドウイン'),
(2511, 5, 'エナジーサポート'),
(2512, 5, 'エニシル'),
(2513, 5, 'エヌ・ティ・ティ・ドコモ'),
(2514, 5, 'エヌアイデイ'),
(2515, 5, 'エヌエス環境'),
(2516, 5, 'エネサーブ'),
(2517, 5, 'エノモト'),
(2518, 5, 'エバタ'),
(2519, 5, 'エバラ食品工業'),
(2520, 5, 'エフアンドエム'),
(2521, 5, 'エプコ'),
(2522, 5, 'エフテック'),
(2523, 5, 'エフピコ'),
(2524, 5, 'エフワン'),
(2525, 5, 'エポック社'),
(2526, 5, 'エムオーテック'),
(2527, 5, 'エムケー精工'),
(2528, 5, 'エリアクエスト'),
(2529, 5, 'エルゴ・ブレインズ'),
(2530, 5, 'エルメ'),
(2531, 5, 'エン・ジャパン'),
(2532, 5, 'エンチョー'),
(2533, 5, 'エンプラス'),
(2534, 5, 'オイレス工業'),
(2535, 5, 'オー・エイチ・ティー'),
(2536, 5, 'オーエー・システム・プラザ'),
(2537, 5, 'オーエス'),
(2538, 5, 'オーエスジー'),
(2539, 5, 'オーエムエムジー'),
(2540, 5, 'オーエムシーカード'),
(2541, 5, 'オークネット'),
(2542, 5, 'オークマ'),
(2543, 5, 'オオゼキ'),
(2544, 5, 'オータケ'),
(2545, 5, 'オーデリック'),
(2546, 5, 'オートウェーブ'),
(2547, 5, 'オートバックスセブン'),
(2548, 5, 'オーナンバ'),
(2549, 5, 'オーネックス'),
(2550, 5, 'オーハシテクニカ'),
(2551, 5, 'オーミケンシ'),
(2552, 5, 'オザキ軽化学'),
(2553, 5, 'オタフクソース'),
(2554, 5, 'オッペン化粧品'),
(2555, 5, 'オハヨー乳業'),
(2556, 5, 'オプテックス'),
(2557, 5, 'オプト'),
(2558, 5, 'オムロン'),
(2559, 5, 'おやつカンパニー'),
(2560, 5, 'オリエンタルコンサルタンツ'),
(2561, 5, 'オリエンタル建設'),
(2562, 5, 'オリエンタル酵母工業'),
(2563, 5, 'オリエントコーポレーション'),
(2564, 5, 'オリオンビール'),
(2565, 5, 'オリジン電気'),
(2566, 5, 'オリジン東秀'),
(2567, 5, 'オリックス'),
(2568, 5, 'オリックス生命保険'),
(2569, 5, 'オリバー'),
(2570, 5, 'オリンパス'),
(2571, 5, 'オリンピック'),
(2572, 5, 'オルガノ'),
(2573, 5, 'オルファ'),
(2574, 5, 'オレンジフードコート'),
(2575, 5, 'オンキヨー'),
(2576, 5, 'オンコセラピー・サイエンス'),
(2577, 5, 'オンワード樫山'),
(2578, 5, 'カーディナル'),
(2579, 5, 'カーマ'),
(2580, 5, 'ガーラ'),
(2581, 5, 'カイゲン'),
(2582, 5, 'カウボーイ'),
(2583, 5, 'カクダイ製菓'),
(2584, 5, 'カゴメ'),
(2585, 5, 'カシオマイクロニクス'),
(2586, 5, 'カシオ計算機'),
(2587, 5, 'カスミ'),
(2588, 5, 'カテナ'),
(2589, 5, 'かどや製油'),
(2590, 5, 'カナデン'),
(2591, 5, 'カナモト'),
(2592, 5, 'カナレ電気'),
(2593, 5, 'カネカ'),
(2594, 5, 'カネソウ'),
(2595, 5, 'カネテツデリカフーズ'),
(2596, 5, 'カネボウ'),
(2597, 5, 'カネ美食品'),
(2598, 5, 'カノークス'),
(2599, 5, 'カフェグローブ・ドット・コム'),
(2600, 5, 'カプコン'),
(2601, 5, 'カメイ'),
(2602, 5, 'カヤバ工業'),
(2603, 5, 'カラカミ観光'),
(2604, 5, 'ガリバーインターナショナル'),
(2605, 5, 'カルソニックカンセイ'),
(2606, 5, 'カルチュア・コンビニエンス・クラブ'),
(2607, 5, 'カルビー'),
(2608, 5, 'カルピス'),
(2609, 5, 'カルラ'),
(2610, 5, 'カワタ'),
(2611, 5, 'カワチ薬品'),
(2612, 5, 'カワニシホールディングス'),
(2613, 5, 'カンダコ?ポレ?ション'),
(2614, 5, 'かんなん丸'),
(2615, 5, 'カンロ'),
(2616, 5, 'キーエンス'),
(2617, 5, 'キーコーヒー'),
(2618, 5, 'ギガス'),
(2619, 5, 'キグナス石油'),
(2620, 5, 'キタムラ'),
(2621, 5, 'キッコーマン'),
(2622, 5, 'キッセイ薬品工業'),
(2623, 5, 'キッツ'),
(2624, 5, 'キムラタン'),
(2625, 5, 'キムラユニティー'),
(2626, 5, 'きもと'),
(2627, 5, 'ギャガ・コミュニケーションズ'),
(2628, 5, 'ギャップ・ジャパン'),
(2629, 5, 'キヤノン'),
(2630, 5, 'キヤノンマシナリ?'),
(2631, 5, 'キャビン'),
(2632, 5, 'キャリアバンク'),
(2633, 5, 'キャリアプロジェクト'),
(2634, 5, 'キャンドゥ'),
(2635, 5, 'キューサイ'),
(2636, 5, 'キユーソー流通システム'),
(2637, 5, 'キユーピー'),
(2638, 5, 'キョウデン'),
(2639, 5, 'キリンディスティラリー'),
(2640, 5, 'キリンビバレッジ'),
(2641, 5, 'キリン堂'),
(2642, 5, 'キングジム'),
(2643, 5, 'キング工業'),
(2644, 5, 'きんでん'),
(2645, 5, 'クインランド'),
(2646, 5, 'クオンツ'),
(2647, 5, 'グッドウィル・グループ'),
(2648, 5, 'クボタ'),
(2649, 5, 'クミアイ化学工業'),
(2650, 5, 'グラクソ・スミスクライン'),
(2651, 5, 'くらコーポレーション'),
(2652, 5, 'クラシエホールディングス'),
(2653, 5, 'グラファイトデザイン'),
(2654, 5, 'グラフィックプロダクツ'),
(2655, 5, 'クラリオン'),
(2656, 5, 'クラレ'),
(2657, 5, 'グランシーズ'),
(2658, 5, 'クリーク・アンド・リバー'),
(2659, 5, 'クリード'),
(2660, 5, 'グリーンクロス'),
(2661, 5, 'グリーンハウス'),
(2662, 5, 'クリエイトエス・ディー'),
(2663, 5, 'クリップコーポレーション'),
(2664, 5, 'クリナップ'),
(2665, 5, 'グルメ杵屋'),
(2666, 5, 'グレイスラム'),
(2667, 5, 'クレオ'),
(2668, 5, 'クレシア'),
(2669, 5, 'クレスコ'),
(2670, 5, 'クレフィッシュ'),
(2671, 5, 'グローリー工業'),
(2672, 5, 'くろがねや'),
(2673, 5, 'くろがね工作所'),
(2674, 5, 'グンゼ'),
(2675, 5, 'ケア２１'),
(2676, 5, 'ケイ・ディー'),
(2677, 5, 'ケーヒン'),
(2678, 5, 'ケーユー'),
(2679, 5, 'ゲオ'),
(2680, 5, 'ケミプロ化成'),
(2681, 5, 'ケル'),
(2682, 5, 'ケンウッド'),
(2683, 5, 'ゲンキー'),
(2684, 5, 'ケンコーコム'),
(2685, 5, 'ケンコーマヨネーズ'),
(2686, 5, 'コーエー'),
(2687, 5, 'コーエーネット'),
(2688, 5, 'コージツ'),
(2689, 5, 'コーセー'),
(2690, 5, 'コーセル'),
(2691, 5, 'コーナン商事'),
(2692, 5, 'ゴールドウイン'),
(2693, 5, 'ゴールドクレスト'),
(2694, 5, 'コカ・コーラウエストジャパン'),
(2695, 5, 'コカコーラセントラル　ジャパン'),
(2696, 5, 'コクミン'),
(2697, 5, 'コクヨ'),
(2698, 5, 'ココスジャパン'),
(2699, 5, 'ココストア'),
(2700, 5, 'コジマ'),
(2701, 5, 'コスモスイニシア'),
(2702, 5, 'コスモ証券'),
(2703, 5, 'コスモ石油'),
(2704, 5, 'コタ'),
(2705, 5, 'コダック'),
(2706, 5, 'コナカ'),
(2707, 5, 'コナミ'),
(2708, 5, 'コナミスポーツ'),
(2709, 5, 'コニカミノルタホールディングス'),
(2710, 5, 'コニシ'),
(2711, 5, 'コマニー'),
(2712, 5, 'コミー'),
(2713, 5, 'コムテック'),
(2714, 5, 'コメリ'),
(2715, 5, 'コメ兵'),
(2716, 5, 'コメ兵'),
(2717, 5, 'コモ'),
(2718, 5, 'ゴルフダイジェスト・オンライン'),
(2719, 5, 'コロナ'),
(2720, 5, 'コロムビアミュージックエンタテインメント'),
(2721, 5, 'コロワイド'),
(2722, 5, 'コンセック'),
(2723, 5, 'コンドーテック'),
(2724, 5, 'コントロールプラス'),
(2725, 5, 'サークルKサンクス'),
(2726, 5, 'サーラコーポレーション'),
(2727, 5, 'ザイオン'),
(2728, 5, 'さいか屋'),
(2729, 5, 'サイトサポート・インスティテュート'),
(2730, 5, 'サイネックス'),
(2731, 5, 'サイバーエージェント'),
(2732, 5, 'サイバーファーム'),
(2733, 5, 'サイバネットシステム'),
(2734, 5, 'サイレックス・テクノロジー'),
(2735, 5, 'ザインエレクトロニクス'),
(2736, 5, 'サカイ引越センター'),
(2737, 5, 'サカタのタネ'),
(2738, 5, 'さが美'),
(2739, 5, 'サクサ'),
(2740, 5, 'サクラクレパス'),
(2741, 5, 'ササクラ'),
(2742, 5, 'サザビー'),
(2743, 5, 'サダマツ'),
(2744, 5, 'サッポロドラッグストアー'),
(2745, 5, 'サッポロホールディングス'),
(2746, 5, 'サトー'),
(2747, 5, 'サニックス'),
(2748, 5, 'サミー'),
(2749, 5, 'サロモン アンド テーラーメイド'),
(2750, 5, 'サン・ライフ'),
(2751, 5, 'サンウエーブ工業'),
(2752, 5, 'サンウッド'),
(2753, 5, 'サンエー'),
(2754, 5, 'サンエー化研'),
(2755, 5, 'サンオータス'),
(2756, 5, 'サンギ'),
(2757, 5, 'サンクス'),
(2758, 5, 'サンクスジャパン'),
(2759, 5, 'サンケイ化学'),
(2760, 5, 'サンゲツ'),
(2761, 5, 'サンコール'),
(2762, 5, 'サンシティ'),
(2763, 5, 'サンスター'),
(2764, 5, 'サンデー'),
(2765, 5, 'サンデーサン'),
(2766, 5, 'サンテレホン'),
(2767, 5, 'サンデン'),
(2768, 5, 'サンドラッグ'),
(2769, 5, 'サントリー'),
(2770, 5, 'サンマルク'),
(2771, 5, 'サンメッセ'),
(2772, 5, 'サンユウ'),
(2773, 5, 'サンヨー食品'),
(2774, 5, 'サンリツ'),
(2775, 5, 'サンワテクノス'),
(2776, 5, 'サンワドー'),
(2777, 5, 'サン電子'),
(2778, 5, 'シーアイ化成'),
(2779, 5, 'シーイーシー'),
(2780, 5, 'ジーエス・ユアサ　コーポレーション'),
(2781, 5, 'シーエスアイ'),
(2782, 5, 'ジーエルサイエンス'),
(2783, 5, 'シークス'),
(2784, 5, 'シーシーエス'),
(2785, 5, 'シーティーエス'),
(2786, 5, 'シード'),
(2787, 5, 'シード'),
(2788, 5, 'シーフォーテクノロジー'),
(2789, 5, 'シーマ'),
(2790, 5, 'ジーンズメイト'),
(2791, 5, 'ジェイ・エム・エス'),
(2792, 5, 'ジェイティービー'),
(2793, 5, 'ジェイテクト'),
(2794, 5, 'ジェーシービー'),
(2795, 5, 'ジオス'),
(2796, 5, 'ジオスター'),
(2797, 5, 'ジオマテック'),
(2798, 5, 'シキボウ'),
(2799, 5, 'ジグノシステムジャパン'),
(2800, 5, 'シグマ光機'),
(2801, 5, 'システム・テクノロジー・アイ'),
(2802, 5, 'システムプロ'),
(2803, 5, 'シチエ'),
(2804, 5, 'シチズンファインテック'),
(2805, 5, 'シチズン時計'),
(2806, 5, 'シナネン'),
(2807, 5, 'シノブフーズ'),
(2808, 5, 'シマダヤ'),
(2809, 5, 'しまむら'),
(2810, 5, 'シマヤ'),
(2811, 5, 'シマヤ'),
(2812, 5, 'シミック'),
(2813, 5, 'シムリー'),
(2814, 5, 'シモジマ'),
(2815, 5, 'ジモス'),
(2816, 5, 'シャープ'),
(2817, 5, 'ジャストシステム'),
(2818, 5, 'シヤチハタ'),
(2819, 5, 'ジャック・ホールディングス'),
(2820, 5, 'シャディ'),
(2821, 5, 'シャトレーゼ'),
(2822, 5, 'ジャパン'),
(2823, 5, 'ジャパン・デジタル・コンテンツ信託'),
(2824, 5, 'ジャパン・フード＆リカー・アライアンス'),
(2825, 5, 'ジャパンエナジー'),
(2826, 5, 'ジャパンメンテナンス'),
(2827, 5, 'ジャパン建材'),
(2828, 5, 'ジャフコ'),
(2829, 5, 'ジャムコ'),
(2830, 5, 'シャルレ'),
(2831, 5, 'ジャレコ'),
(2832, 5, 'ジューテック'),
(2833, 5, 'ジュエル　ベリテ　オオクボ'),
(2834, 5, 'ジュンテンドー'),
(2835, 5, 'ジョイフル'),
(2836, 5, 'ジョイント・コーポレーション'),
(2837, 5, 'ショーボンド建設'),
(2838, 5, 'ジョナサン'),
(2839, 5, 'ジョルダン'),
(2840, 5, 'ジョンソン・エンド・ジョンソン'),
(2841, 5, 'シルバーオックス'),
(2842, 5, 'シンキ'),
(2843, 5, 'シンクキューブ'),
(2844, 5, 'シンポ'),
(2845, 5, 'スカイマーク　エアラインズ'),
(2846, 5, 'すかいらーく'),
(2847, 5, 'スギ薬局'),
(2848, 5, 'スズキ'),
(2849, 5, 'スズケン'),
(2850, 5, 'スズデン'),
(2851, 5, 'スターキャット・ケーブルネットワーク'),
(2852, 5, 'スターゼン'),
(2853, 5, 'スターツ'),
(2854, 5, 'スターツ出版'),
(2855, 5, 'スターバックスコーヒージャパン'),
(2856, 5, 'スターフューチャーズ証券'),
(2857, 5, 'スタッフサービス'),
(2858, 5, 'スタンレー電気'),
(2859, 5, 'ステラケミファ'),
(2860, 5, 'スパークス・アセット・マネジメント投信'),
(2861, 5, 'スバル興業'),
(2862, 5, 'スペース'),
(2863, 5, 'スミダコーポレーション'),
(2864, 5, 'すみや'),
(2865, 5, 'スリーエフ'),
(2866, 5, 'スリープロ'),
(2867, 5, 'スリムビューティハウス'),
(2868, 5, 'スルガ'),
(2869, 5, 'セイカ食品'),
(2870, 5, 'セイクレスト'),
(2871, 5, 'セイコー'),
(2872, 5, 'セイコーエプソン'),
(2873, 5, 'セイジョー'),
(2874, 5, 'セーラー万年筆'),
(2875, 5, 'セーレン'),
(2876, 5, 'セガ'),
(2877, 5, 'セガミメディクス'),
(2878, 5, 'セキ'),
(2879, 5, 'セキサン'),
(2880, 5, 'セキチュー'),
(2881, 5, 'セキド'),
(2882, 5, 'セキュアード・キャピタル・ジャパン'),
(2883, 5, 'セコニック'),
(2884, 5, 'セコム'),
(2885, 5, 'セコム上信越'),
(2886, 5, 'セシール'),
(2887, 5, 'セタ'),
(2888, 5, 'ゼネラルパッカー'),
(2889, 5, 'ゼビオ'),
(2890, 5, 'ゼファー'),
(2891, 5, 'セフテック'),
(2892, 5, 'ゼブラ'),
(2893, 5, 'セブン-イレブン・ジャパン'),
(2894, 5, 'セブン工業'),
(2895, 5, 'セラーテムテクノロジー'),
(2896, 5, 'ゼリア新薬工業'),
(2897, 5, 'セレスポ'),
(2898, 5, 'センコー'),
(2899, 5, 'センコン物流'),
(2900, 5, 'センチュリー・リーシング・システム'),
(2901, 5, 'セントケア'),
(2902, 5, 'セントラルスポーツ'),
(2903, 5, 'セントラル警備保障'),
(2904, 5, 'ゼンリン'),
(2905, 5, 'ソキア'),
(2906, 5, 'そごう'),
(2907, 5, 'ソディック'),
(2908, 5, 'ソトー'),
(2909, 5, 'ソニー'),
(2910, 5, 'ソニー・コンピュータエンタテインメント'),
(2911, 5, 'ソノコム'),
(2912, 5, 'ソフト99コーポレーション'),
(2913, 5, 'ソフトバンク'),
(2914, 5, 'ソフトバンク・テクノロジー'),
(2915, 5, 'ソフトブレーン'),
(2916, 5, 'ソフトフロント'),
(2917, 5, 'ソフマップ'),
(2918, 5, 'ソラン'),
(2919, 5, 'ソリスト'),
(2920, 5, 'ソルクシーズ'),
(2921, 5, 'ソルコム'),
(2922, 5, 'ソレキア'),
(2923, 5, 'ダーバン'),
(2924, 5, 'ダイア建設'),
(2925, 5, 'ダイイチ'),
(2926, 5, 'ダイエー'),
(2927, 5, 'ダイオーズ'),
(2928, 5, 'タイガースポリマー'),
(2929, 5, 'タイガー魔法瓶'),
(2930, 5, 'ダイキ'),
(2931, 5, 'ダイキン工業'),
(2932, 5, 'ダイコク電機'),
(2933, 5, 'ダイサン'),
(2934, 5, 'ダイショー'),
(2935, 5, 'ダイセキ'),
(2936, 5, 'ダイセル化学工業'),
(2937, 5, 'ダイソー'),
(2938, 5, 'ダイダン'),
(2939, 5, 'ダイトエレクトロン'),
(2940, 5, 'タイトー'),
(2941, 5, 'ダイドードリンコ'),
(2942, 5, 'ダイナシティ'),
(2943, 5, 'ダイニチ工業'),
(2944, 5, 'ダイハツ工業'),
(2945, 5, 'ダイビル'),
(2946, 5, 'ダイヘン'),
(2947, 5, 'ダイムラー・クライスラー'),
(2948, 5, 'ダイムラークライスラー日本'),
(2949, 5, 'ダイヤモンドシティ'),
(2950, 5, 'ダイヤモンドリース'),
(2951, 5, 'ダイヤモンド電機'),
(2952, 5, 'ダイユーエイト'),
(2953, 5, 'ダイワボウ情報システム'),
(2954, 5, 'ダイワラクダ工業'),
(2955, 5, 'ダヴィンチ・アドバイザーズ'),
(2956, 5, 'タカキュー'),
(2957, 5, 'タカショー'),
(2958, 5, 'タカチホ'),
(2959, 5, 'タカトリ'),
(2960, 5, 'タカノフーズ'),
(2961, 5, 'タカラ'),
(2962, 5, 'タカラスタンダード'),
(2963, 5, 'タキイ種苗'),
(2964, 5, 'タキヒヨー'),
(2965, 5, 'タキロン'),
(2966, 5, 'タクトホーム'),
(2967, 5, 'タクミナ'),
(2968, 5, 'ダスキン'),
(2969, 5, 'タスコシステム'),
(2970, 5, 'タダノ'),
(2971, 5, 'タチエス'),
(2972, 5, 'ダック'),
(2973, 5, 'タツミ'),
(2974, 5, 'タテホ化学工業'),
(2975, 5, 'ダブルクリック'),
(2976, 5, 'タマノイ酢'),
(2977, 5, 'タミヤ'),
(2978, 5, 'タムラ製作所'),
(2979, 5, 'タムロン'),
(2980, 5, 'ダルトン'),
(2981, 5, 'タワーレコード'),
(2982, 5, 'チチヤス乳業'),
(2983, 5, 'チチヤス乳業'),
(2984, 5, 'チノ?'),
(2985, 5, 'ちふれ化粧品'),
(2986, 5, 'チョーヤ梅酒'),
(2987, 5, 'チヨダ'),
(2988, 5, 'チヨダウーテ'),
(2989, 5, 'チロルチョコ'),
(2990, 5, 'ツーカーセルラー東京'),
(2991, 5, 'ツガミ'),
(2992, 5, 'ツカモトコーポレーション'),
(2993, 5, 'ツクイ'),
(2994, 5, 'ツクイ'),
(2995, 5, 'ツツミ'),
(2996, 5, 'ツノダ'),
(2997, 5, 'つぼ八'),
(2998, 5, 'ツムラ'),
(2999, 5, 'デイ・シイ'),
(3000, 5, 'ティアック'),
(3001, 5, 'ディー・エイチ・エル・ジャパン'),
(3002, 5, 'ディー・エヌ・エー'),
(3003, 5, 'ディーエイチシー'),
(3004, 5, 'ディーシーカード'),
(3005, 5, 'ディースリー・パブリッシャー'),
(3006, 5, 'テイクアンドギヴ・ニーズ'),
(3007, 5, 'ディックスクロキ'),
(3008, 5, 'ディップ'),
(3009, 5, 'デイトナ'),
(3010, 5, 'ティムコ'),
(3011, 5, 'ティラド'),
(3012, 5, 'デイリーヤマザキ'),
(3013, 5, 'テーオーシー'),
(3014, 5, 'テーオー小笠原'),
(3015, 5, 'テクノクオ?ツ'),
(3016, 5, 'デサント'),
(3017, 5, 'デジタル・アドバタイジング・コンソーシアム'),
(3018, 5, 'デジタルアーツ'),
(3019, 5, 'デジタルガレージ'),
(3020, 5, 'デジタルデザイン'),
(3021, 5, 'テスク'),
(3022, 5, 'デニーズジャパン'),
(3023, 5, 'デュポン'),
(3024, 5, 'テラボウ'),
(3025, 5, 'デル'),
(3026, 5, 'テルモ'),
(3027, 5, 'テレビ朝日'),
(3028, 5, 'テレビ東京'),
(3029, 5, 'デンカ生研'),
(3030, 5, 'デンコードー'),
(3031, 5, 'デンセイ・ラムダ'),
(3032, 5, 'デンソー'),
(3033, 5, 'テンプスタッフ'),
(3034, 5, 'デンヨー'),
(3035, 5, 'ドウシシャ'),
(3036, 5, 'トーエネック'),
(3037, 5, 'トーカイ'),
(3038, 5, 'トーカン'),
(3039, 5, 'トーセ'),
(3040, 5, 'トーソー'),
(3041, 5, 'トープラ'),
(3042, 5, 'トーホー'),
(3043, 5, 'トーメン'),
(3044, 5, 'トーメンサイバービジネス'),
(3045, 5, 'トーヨーカネツ'),
(3046, 5, 'トーヨーコーケン'),
(3047, 5, 'ドーン'),
(3048, 5, 'ドギーマンハヤシ'),
(3049, 5, 'ドクターシーラボ'),
(3050, 5, 'トクホン'),
(3051, 5, 'トクヤマ'),
(3052, 5, 'トステム'),
(3053, 5, 'トスネット'),
(3054, 5, 'ドッドウエル　ビー・エム・エス'),
(3055, 5, 'トッパン・フォームズ'),
(3056, 5, 'トップカルチャー'),
(3057, 5, 'ドトールコーヒー'),
(3058, 5, 'トナミ運輸'),
(3059, 5, 'トピー工業'),
(3060, 5, 'トプコン'),
(3061, 5, 'トミー'),
(3062, 5, 'トミヤアパレル'),
(3063, 5, 'トヨクニ電線'),
(3064, 5, 'トヨタ自動車'),
(3065, 5, 'トヨタ車体'),
(3066, 5, 'トヨタ紡織'),
(3067, 5, 'トラスコ中山'),
(3068, 5, 'トラベシア'),
(3069, 5, 'トラベラー'),
(3070, 5, 'トランスジェニック'),
(3071, 5, 'トリニティ工業'),
(3072, 5, 'トリンプ・インターナショナル・ジャパン'),
(3073, 5, 'トレーディア'),
(3074, 5, 'トレンドマイクロ'),
(3075, 5, 'ドン・キホーテ'),
(3076, 5, 'トンボ鉛筆'),
(3077, 5, 'ナイガイ'),
(3078, 5, 'ナイキジャパン'),
(3079, 5, 'ナイス'),
(3080, 5, 'ナイスクラップ'),
(3081, 5, 'ナカイ'),
(3082, 5, 'ナガセ'),
(3083, 5, 'ながの東急百貨店'),
(3084, 5, 'ナカバヤシ'),
(3085, 5, 'ナガホリ'),
(3086, 5, 'ナガワ'),
(3087, 5, 'なか卯'),
(3088, 5, 'なが多'),
(3089, 5, 'ナショナル自転車工業'),
(3090, 5, 'ナスステンレス'),
(3091, 5, 'ナック'),
(3092, 5, 'ナトコ'),
(3093, 5, 'なとり'),
(3094, 5, 'ナナオ'),
(3095, 5, 'ナビタス'),
(3096, 5, 'ナフコ'),
(3097, 5, 'ナブテスコ'),
(3098, 5, 'ナムコ（バンダイナムコゲームス）'),
(3099, 5, 'ナラサキ産業'),
(3100, 5, 'ナリス化粧品'),
(3101, 5, 'ニイウス コー'),
(3102, 5, 'ニコニコのり'),
(3103, 5, 'ニコン'),
(3104, 5, 'ニスカ'),
(3105, 5, 'ニチアス'),
(3106, 5, 'ニチイ学館'),
(3107, 5, 'ニチゾウテック'),
(3108, 5, 'ニチバン'),
(3109, 5, 'ニチモウ'),
(3110, 5, 'ニチリョク'),
(3111, 5, 'ニチレイ'),
(3112, 5, 'ニチレキ'),
(3113, 5, 'ニチロ'),
(3114, 5, 'ニッカウヰスキー'),
(3115, 5, 'ニッカトー'),
(3116, 5, 'ニッキ'),
(3117, 5, 'ニッコウトラベル'),
(3118, 5, 'ニッコー'),
(3119, 5, 'ニッシン'),
(3120, 5, 'ニッセイ'),
(3121, 5, 'ニッセン'),
(3122, 5, 'ニッセン'),
(3123, 5, 'ニッタン'),
(3124, 5, 'ニッパンレンタル'),
(3125, 5, 'ニッピ'),
(3126, 5, 'ニトリ'),
(3127, 5, 'ニフコ'),
(3128, 5, 'ニフティ'),
(3129, 5, 'ニューズ・ツー・ユー'),
(3130, 5, 'ニューテック'),
(3131, 5, 'にんべん'),
(3132, 5, 'ネクサス'),
(3133, 5, 'ネクシィーズ'),
(3134, 5, 'ネクストウェア'),
(3135, 5, 'ネクストコム'),
(3136, 5, 'ネスレ日本'),
(3137, 5, 'ネットビレッジ'),
(3138, 5, 'ネツレン'),
(3139, 5, 'ネポン'),
(3140, 5, 'ノヴァ'),
(3141, 5, 'ノエビア'),
(3142, 5, 'ノース'),
(3143, 5, 'ノーベル製菓'),
(3144, 5, 'ノーリツ'),
(3145, 5, 'ノーリツ鋼機'),
(3146, 5, 'ノジマ'),
(3147, 5, 'ノリタケカンパニーリミテド'),
(3148, 5, 'パーカーコーポレーション'),
(3149, 5, 'パーク24'),
(3150, 5, 'ハークスレイ'),
(3151, 5, 'ハーゲンダッツジャパン'),
(3152, 5, 'ハーシー'),
(3153, 5, 'バーテックスリンク'),
(3154, 5, 'ハーバー研究所'),
(3155, 5, 'バイエル'),
(3156, 5, 'パイオニア'),
(3157, 5, 'パイオラックス'),
(3158, 5, 'バイタルネット'),
(3159, 5, 'ハイデイ日高'),
(3160, 5, 'バイテック'),
(3161, 5, 'ハイビック'),
(3162, 5, 'ハイブリッド・サービス'),
(3163, 5, 'ハイマックス'),
(3164, 5, 'パイロット'),
(3165, 5, 'ハウス食品'),
(3166, 5, 'パウダーテック'),
(3167, 5, 'パオ'),
(3168, 5, 'はごろもフーズ'),
(3169, 5, 'パシフィックマネジメント'),
(3170, 5, 'パスコ'),
(3171, 5, 'パスポート'),
(3172, 5, 'はせがわ'),
(3173, 5, 'パソナ'),
(3174, 5, 'パソナテック'),
(3175, 5, 'ハチバン'),
(3176, 5, 'バックスグループ'),
(3177, 5, 'バッファロー'),
(3178, 5, 'ぱど'),
(3179, 5, 'ハドソン'),
(3180, 5, 'パナソニック'),
(3181, 5, 'ハナテン'),
(3182, 5, 'パナホーム'),
(3183, 5, 'ハナマルキ'),
(3184, 5, 'ハナマルキ'),
(3185, 5, 'ハニーズ'),
(3186, 5, 'ハネックス'),
(3187, 5, 'パラマウントベット'),
(3188, 5, 'ハリマ化成'),
(3189, 5, 'ハリマ共和物産'),
(3190, 5, 'パルコ'),
(3191, 5, 'バルス'),
(3192, 5, 'パルステック工業'),
(3193, 5, 'パルタック'),
(3194, 5, 'はるやま商事'),
(3195, 5, 'パレモ'),
(3196, 5, 'バロー'),
(3197, 5, 'ハローズ'),
(3198, 5, 'パロマ'),
(3199, 5, 'パワードコム'),
(3200, 5, 'ハンズマン'),
(3201, 5, 'バンダイ'),
(3202, 5, 'バンダイビジュアル'),
(3203, 5, 'バンドー化学'),
(3204, 5, 'バンプレスト'),
(3205, 5, 'ぴあ'),
(3206, 5, 'ビー・アール　サーティワン　アイスクリーム'),
(3207, 5, 'ビー・エム・エル'),
(3208, 5, 'ビー・エム・ダブリュー'),
(3209, 5, 'ピー・ビーシステムズ'),
(3210, 5, 'ビーアイジーグループ'),
(3211, 5, 'ビーイング'),
(3212, 5, 'ピーエイ'),
(3213, 5, 'ピーシーエー'),
(3214, 5, 'ピーシーデポコーポレーション'),
(3215, 5, 'ヒーハイスト精工'),
(3216, 5, 'ビービーネット'),
(3217, 5, 'ピープル'),
(3218, 5, 'ピープルスタッフ'),
(3219, 5, 'ビーマップ'),
(3220, 5, 'ピエトロ'),
(3221, 5, 'ビオフェルミン製薬'),
(3222, 5, 'ヒガシマル醤油'),
(3223, 5, 'ヒゲタ醤油'),
(3224, 5, 'ビジネスブレイン太田昭和'),
(3225, 5, 'ピジョン'),
(3226, 5, 'ビジョンメガネ'),
(3227, 5, 'ビスケーホールディングス'),
(3228, 5, 'ビックカメラ'),
(3229, 5, 'ビックジョン'),
(3230, 5, 'ピックルスコーポレーション'),
(3231, 5, 'ビック東海'),
(3232, 5, 'ピップフジモト'),
(3233, 5, 'ヒマラヤ'),
(3234, 5, 'ひまわりホールディングス'),
(3235, 5, 'ヒュー・マネジメント・ジャパン'),
(3236, 5, 'ヒューテックノオリン'),
(3237, 5, 'ヒューネット'),
(3238, 5, 'ヒラノテクシード'),
(3239, 5, 'ひらまつ'),
(3240, 5, 'ヒロセ電機'),
(3241, 5, 'ファーストキッチン'),
(3242, 5, 'ファーストリテイリング'),
(3243, 5, 'ファースト住建'),
(3244, 5, 'ファイザー'),
(3245, 5, 'ファイナンス・オール'),
(3246, 5, 'ファナック'),
(3247, 5, 'ファミリーマート'),
(3248, 5, 'ファルコバイオシステムズ'),
(3249, 5, 'ファンケル'),
(3250, 5, 'ブイ・テクノロジー'),
(3251, 5, 'フィアットオートジャパン'),
(3252, 5, 'ブースト・パートナーズ'),
(3253, 5, 'フェアベリッシュ'),
(3254, 5, 'フェリシモ'),
(3255, 5, 'フェローテック'),
(3256, 5, 'フォー・ユー'),
(3257, 5, 'フォーバル'),
(3258, 5, 'フォーバルクリエイティブ'),
(3259, 5, 'フォーバルテレコム'),
(3260, 5, 'フォルクス'),
(3261, 5, 'フォルクスワーゲングループジャパン'),
(3262, 5, 'フクダ電子'),
(3263, 5, 'フジオフードシステム'),
(3264, 5, 'フジクラ'),
(3265, 5, 'フジコピアン'),
(3266, 5, 'フジシールインターナショナル'),
(3267, 5, 'フジッコ'),
(3268, 5, 'フジテック'),
(3269, 5, 'フジテレビジョン'),
(3270, 5, 'フジトミ'),
(3271, 5, 'フジパン'),
(3272, 5, 'フジボウアパレル'),
(3273, 5, 'フジ日本精糖'),
(3274, 5, 'フタタ'),
(3275, 5, 'フタバ産業'),
(3276, 5, 'フマキラー'),
(3277, 5, 'フュージョンパートナー'),
(3278, 5, 'フューチャーベンチャーキャピタル'),
(3279, 5, 'フュ-チャ-システムコンサルティング'),
(3280, 5, 'プライム・リンク'),
(3281, 5, 'フライングガーデン'),
(3282, 5, 'ブラウン・ジレット・ジャパン・インコーポレイテッド'),
(3283, 5, 'ブラザー工業'),
(3284, 5, 'プラザクリエイト'),
(3285, 5, 'プラス'),
(3286, 5, 'ぷらっとホーム'),
(3287, 5, 'プラネット'),
(3288, 5, 'フランスベッドホールディングス'),
(3289, 5, 'プリヴェチューリッヒ企業再生グループ'),
(3290, 5, 'ブリヂストン'),
(3291, 5, 'プリマハム'),
(3292, 5, 'プリンシパルエージェント'),
(3293, 5, 'ブルーグラス'),
(3294, 5, 'フルキャスト'),
(3295, 5, 'フルサト工業'),
(3296, 5, 'フルタ製菓'),
(3297, 5, 'ブルドックソース'),
(3298, 5, 'ブルボン'),
(3299, 5, 'プレシジョン・システム・サイエンス'),
(3300, 5, 'プレス工業'),
(3301, 5, 'プレナス'),
(3302, 5, 'フレンテ'),
(3303, 5, 'フロイント産業'),
(3304, 5, 'プロクター・アンド・ギャンブル・ジャパン'),
(3305, 5, 'プロトコーポレーション'),
(3306, 5, 'プロミス'),
(3307, 5, 'プロントコーポレーション'),
(3308, 5, 'ベイビー・プラネット'),
(3309, 5, 'ベクター'),
(3310, 5, 'ベスト電器'),
(3311, 5, 'ベネッセコーポレーション'),
(3312, 5, 'ペリエ'),
(3313, 5, 'ベルーナ'),
(3314, 5, 'ベルク'),
(3315, 5, 'ベルシステム24'),
(3316, 5, 'ベルテクノ'),
(3317, 5, 'ベルパーク'),
(3318, 5, 'ヘンケルジャパン'),
(3319, 5, 'ベンチャー・リンク'),
(3320, 5, 'ぺんてる'),
(3321, 5, 'ポイント'),
(3322, 5, 'ホウトク'),
(3323, 5, 'ホウライ'),
(3324, 5, 'ボーズ'),
(3325, 5, 'ボーダフォン'),
(3326, 5, 'ホーチキ'),
(3327, 5, 'ホーネンコーポレーション'),
(3328, 5, 'ホーマック'),
(3329, 5, 'ホーユー'),
(3330, 5, 'ポーラ化粧品本舗'),
(3331, 5, 'ホクト'),
(3332, 5, 'ほくやく'),
(3333, 5, 'ポケットカード'),
(3334, 5, 'ボシュロム・ジャパン'),
(3335, 5, 'ホソカワミクロン'),
(3336, 5, 'ポッカコーポレーション'),
(3337, 5, 'ボッシュ'),
(3338, 5, 'ボディ・インターナショナル'),
(3339, 5, 'ホテイフーズコーポレーション'),
(3340, 5, 'ポプラ'),
(3341, 5, 'ポルシェジャパン'),
(3342, 5, 'ボルボ・カーズジャパン'),
(3343, 5, 'ホンダクリオ東葛'),
(3344, 5, 'マークテック'),
(3345, 5, 'マーベラスエンターテイメント'),
(3346, 5, 'マイスターエンジニアリング'),
(3347, 5, 'マガジンハウス'),
(3348, 5, 'マキタ'),
(3349, 5, 'マキヤ'),
(3350, 5, 'マキ製作所'),
(3351, 5, 'まぐクリック'),
(3352, 5, 'マックス'),
(3353, 5, 'マックスバリュ九州'),
(3354, 5, 'マックスバリュ西日本'),
(3355, 5, 'マックスバリュ中部'),
(3356, 5, 'マックスバリュ東海'),
(3357, 5, 'マックスバリュ東北'),
(3358, 5, 'マックスバリュ北海道'),
(3359, 5, 'マックスファクター'),
(3360, 5, 'マツダ'),
(3361, 5, 'マツモト'),
(3362, 5, 'マツモトキヨシ'),
(3363, 5, 'マドラス'),
(3364, 5, 'マニー'),
(3365, 5, 'マネックス証券'),
(3366, 5, 'マブチモーター'),
(3367, 5, 'マミーマート'),
(3368, 5, 'マルエツ'),
(3369, 5, 'マルカキカイ'),
(3370, 5, 'マルカン酢'),
(3371, 5, 'マルキョウ'),
(3372, 5, 'マルコ'),
(3373, 5, 'マルコメ'),
(3374, 5, 'マルコメ'),
(3375, 5, 'マルサンアイ'),
(3376, 5, 'マルシェ'),
(3377, 5, 'マルタイ'),
(3378, 5, 'マルハグループ本社'),
(3379, 5, 'マルフル'),
(3380, 5, 'マルミヤストア'),
(3381, 5, 'マルヨシセンター'),
(3382, 5, 'マンズワイン'),
(3383, 5, 'マンダム'),
(3384, 5, 'マンパワー・ジャパン'),
(3385, 5, 'ミクシィ'),
(3386, 5, 'ミサワホームホールディングス'),
(3387, 5, 'ミスターマックス'),
(3388, 5, 'ミズノ'),
(3389, 5, 'みずほインベスターズ証券'),
(3390, 5, 'みずほフィナンシャルグループ'),
(3391, 5, 'みずほ銀行'),
(3392, 5, 'ミスミグループ本社'),
(3393, 5, 'ミツウロコ'),
(3394, 5, 'ミツカン'),
(3395, 5, 'ミツバ'),
(3396, 5, 'ミニストップ'),
(3397, 5, 'ミネベア'),
(3398, 5, 'ミヨシ油脂'),
(3399, 5, 'みらかホールディングス'),
(3400, 5, 'ミルボン'),
(3401, 5, 'ミレアホールディングス'),
(3402, 5, 'ミレニアムリテイリング'),
(3403, 5, 'ミロク情報サービス'),
(3404, 5, 'ムーディーズ・ジャパン'),
(3405, 5, 'ムーンバット'),
(3406, 5, 'ムーンバット'),
(3407, 5, 'ムサシ'),
(3408, 5, 'ムトウ'),
(3409, 5, 'ムロコーポレーション'),
(3410, 5, 'メイテック'),
(3411, 5, 'メガチップス'),
(3412, 5, 'メガネスーパー'),
(3413, 5, 'メガネトップ'),
(3414, 5, 'メック'),
(3415, 5, 'メッセージ'),
(3416, 5, 'メッツ'),
(3417, 5, 'メディアシーク'),
(3418, 5, 'メディセオ・パルタックホールディングス'),
(3419, 5, 'メディビック'),
(3420, 5, 'メニコン'),
(3421, 5, 'メフォス'),
(3422, 5, 'メリタ・ジャパン'),
(3423, 5, 'メルクス'),
(3424, 5, 'メルコホールディングス'),
(3425, 5, 'メルシャン'),
(3426, 5, 'メルテックス'),
(3427, 5, 'モーニングスター'),
(3428, 5, 'もしもしホットライン'),
(3429, 5, 'モック'),
(3430, 5, 'モトローラ'),
(3431, 5, 'モリタ'),
(3432, 5, 'モリテックス'),
(3433, 5, 'モリト'),
(3434, 5, 'モリ工業'),
(3435, 5, 'モロゾフ'),
(3436, 5, 'モンテカルロ'),
(3437, 5, 'ヤオコー'),
(3438, 5, 'ヤガミ'),
(3439, 5, 'ヤクルト本社'),
(3440, 5, 'やすらぎ'),
(3441, 5, 'ヤフー'),
(3442, 5, 'ヤマウ'),
(3443, 5, 'ヤマキ'),
(3444, 5, 'ヤマザキナビスコ'),
(3445, 5, 'ヤマザワ'),
(3446, 5, 'ヤマサ醤油'),
(3447, 5, 'ヤマダ電機'),
(3448, 5, 'ヤマト'),
(3449, 5, 'ヤマト・インダストリー'),
(3450, 5, 'ヤマト運輸'),
(3451, 5, 'ヤマト硝子'),
(3452, 5, 'ヤマハ'),
(3453, 5, 'ヤマハ発動機'),
(3454, 5, 'ヤマヒサ'),
(3455, 5, 'やまや'),
(3456, 5, 'ヤンマー'),
(3457, 5, 'ユー・エム・シー・ジャパン'),
(3458, 5, 'ユーエフジェイホールディングス'),
(3459, 5, 'ユーストア'),
(3460, 5, 'ユーハイム'),
(3461, 5, 'ユーラシア旅行社'),
(3462, 5, 'ユシロ化学工業'),
(3463, 5, 'ユタカ技研'),
(3464, 5, 'ユナイテッドアローズ'),
(3465, 5, 'ユニ・チャーム'),
(3466, 5, 'ユニー'),
(3467, 5, 'ユニオンツール'),
(3468, 5, 'ユニカフェ'),
(3469, 5, 'ユニコ・コーポレーション'),
(3470, 5, 'ユニダックス'),
(3471, 5, 'ユニチカ'),
(3472, 5, 'ユニバーサルホーム'),
(3473, 5, 'ユニパルス'),
(3474, 5, 'ユニプレス'),
(3475, 5, 'ユニリーバ・ジャパン'),
(3476, 5, 'ヨコオ'),
(3477, 5, 'ヨシタケ'),
(3478, 5, 'ヨックモック'),
(3479, 5, 'よっちゃん食品工業'),
(3480, 5, 'よつばのクローバー'),
(3481, 5, 'よつ葉乳業'),
(3482, 5, 'ヨネックス'),
(3483, 5, 'ヨンキュウ'),
(3484, 5, 'ラ・パルレ'),
(3485, 5, 'ライオン'),
(3486, 5, 'ライフォート'),
(3487, 5, 'ラオックス'),
(3488, 5, 'ラピーヌ'),
(3489, 5, 'ランシステム'),
(3490, 5, 'ランド'),
(3491, 5, 'リーガルコーポレーション'),
(3492, 5, 'リーバイ・ストラウス　ジャパン'),
(3493, 5, 'リオチェーン'),
(3494, 5, 'リオン'),
(3495, 5, 'リコー'),
(3496, 5, 'リコーエレメックス'),
(3497, 5, 'リズム時計工業'),
(3498, 5, 'リゾートソリューション'),
(3499, 5, 'リゾートトラスト'),
(3500, 5, 'リソー教育'),
(3501, 5, 'りそなホールディングス'),
(3502, 5, 'りそな銀行'),
(3503, 5, 'リックス'),
(3504, 5, 'リッスン＋'),
(3505, 5, 'リョーサン'),
(3506, 5, 'リョービ'),
(3507, 5, 'リリカラ'),
(3508, 5, 'リロ・ホールディング'),
(3509, 5, 'リンガーハット'),
(3510, 5, 'リンガーハット'),
(3511, 5, 'リンガフォン・ジャパン'),
(3512, 5, 'リンコーコーポレーション'),
(3513, 5, 'リンテック'),
(3514, 5, 'リンナイ'),
(3515, 5, 'ルシアン'),
(3516, 5, 'ルネサス テクノロジ'),
(3517, 5, 'レイテックス'),
(3518, 5, 'レオックジャパン'),
(3519, 5, 'レゴジャパン'),
(3520, 5, 'レックス・ホールディングス'),
(3521, 5, 'レナウン'),
(3522, 5, 'レナウンダーバンホールディングス'),
(3523, 5, 'レントラックジャパン'),
(3524, 5, 'ロイヤル'),
(3525, 5, 'ローソン'),
(3526, 5, 'ローツェ'),
(3527, 5, 'ロート製薬'),
(3528, 5, 'ローム'),
(3529, 5, 'ローランド'),
(3530, 5, 'ローランドディー．ジー．'),
(3531, 5, 'ロック・フィールド'),
(3532, 5, 'ロッテ'),
(3533, 5, 'ロッテリア'),
(3534, 5, 'ロブテックス'),
(3535, 5, 'ロマンス小杉'),
(3536, 5, 'ワークスアプリケーションズ'),
(3537, 5, 'ワークストリーム'),
(3538, 5, 'ワークマン'),
(3539, 5, 'ワールド'),
(3540, 5, 'ワイエイシイ'),
(3541, 5, 'ワイズテーブルコーポレーション'),
(3542, 5, 'ワオ・コーポレーション'),
(3543, 5, 'わかもと製薬'),
(3544, 5, 'ワコール'),
(3545, 5, 'ワコム'),
(3546, 5, 'ヱスビー食品'),
(3547, 5, '亜細亜証券印刷'),
(3548, 5, '愛光電気'),
(3549, 5, '愛三工業'),
(3550, 5, '愛知機械工業'),
(3551, 5, '葵プロモーション'),
(3552, 5, '旭テクノグラス'),
(3553, 5, '旭屋書店'),
(3554, 5, '旭化学工業'),
(3555, 5, '旭化成'),
(3556, 5, '旭松食品'),
(3557, 5, '旭硝子'),
(3558, 5, '旭情報サービス'),
(3559, 5, '旭精機工業'),
(3560, 5, '安永'),
(3561, 5, '安楽亭'),
(3562, 5, '安川電機'),
(3563, 5, '安田倉庫'),
(3564, 5, '杏林製薬'),
(3565, 5, '伊勢丹'),
(3566, 5, '伊藤ハム'),
(3567, 5, '伊藤園'),
(3568, 5, '伊藤忠エネクス'),
(3569, 5, '伊藤忠テクノサイエンス'),
(3570, 5, '伊藤忠商事'),
(3571, 5, '伊藤忠食品'),
(3572, 5, '井村屋製菓'),
(3573, 5, '井筒屋'),
(3574, 5, '井筒八つ橋'),
(3575, 5, '磯じまん'),
(3576, 5, '一高たかはし'),
(3577, 5, '壱番屋'),
(3578, 5, '因幡電機'),
(3579, 5, '宇津救命丸'),
(3580, 5, '宇部マテリアルズ'),
(3581, 5, '宇部興産'),
(3582, 5, '宇野澤組鐵工所'),
(3583, 5, '浦島海苔'),
(3584, 5, '雲海酒造'),
(3585, 5, '荏原製作所'),
(3586, 5, '栄研化学'),
(3587, 5, '栄光ゼミナール'),
(3588, 5, '栄電子'),
(3589, 5, '永大化工'),
(3590, 5, '永谷園'),
(3591, 5, '英和'),
(3592, 5, '越智産業'),
(3593, 5, '遠藤製作所'),
(3594, 5, '塩野義製薬'),
(3595, 5, '応用技術'),
(3596, 5, '旺文社'),
(3597, 5, '横河電機'),
(3598, 5, '横浜ゴム'),
(3599, 5, '横浜魚類'),
(3600, 5, '王将フードサービス'),
(3601, 5, '黄桜酒造'),
(3602, 5, '岡三ホールディングス'),
(3603, 5, '岡村製作所'),
(3604, 5, '岡谷電機産業'),
(3605, 5, '岡藤ビジネスサービス'),
(3606, 5, '岡部'),
(3607, 5, '岡野バルブ製造'),
(3608, 5, '沖電気工業'),
(3609, 5, '沖電線'),
(3610, 5, '音通'),
(3611, 5, '加ト吉'),
(3612, 5, '加賀電子'),
(3613, 5, '家族亭'),
(3614, 5, '科研製薬'),
(3615, 5, '河合楽器製作所'),
(3616, 5, '河西工業'),
(3617, 5, '河田'),
(3618, 5, '花王'),
(3619, 5, '菓匠三全'),
(3620, 5, '貝印'),
(3621, 5, '柿安本店'),
(3622, 5, '角川ホールディングス'),
(3623, 5, '角川書店'),
(3624, 5, '学習研究社'),
(3625, 5, '学情'),
(3626, 5, '学生援護会'),
(3627, 5, '楽天'),
(3628, 5, '株式会社三城'),
(3629, 5, '間組'),
(3630, 5, '関西ペイント'),
(3631, 5, '関東自動車工業'),
(3632, 5, '丸井'),
(3633, 5, '丸一鋼管'),
(3634, 5, '丸栄'),
(3635, 5, '丸久'),
(3636, 5, '丸紅'),
(3637, 5, '丸紅インフォテック'),
(3638, 5, '丸紅テレコム'),
(3639, 5, '丸山製作所'),
(3640, 5, '丸善'),
(3641, 5, '丸大食品'),
(3642, 5, '丸藤シートパイル'),
(3643, 5, '丸八真綿'),
(3644, 5, '丸八倉庫'),
(3645, 5, '丸尾カルシウム'),
(3646, 5, '丸文'),
(3647, 5, '岩崎通信機'),
(3648, 5, '岩崎電気'),
(3649, 5, '岩谷産業'),
(3650, 5, '岩田屋'),
(3651, 5, '紀伊国屋書店'),
(3652, 5, '紀文食品'),
(3653, 5, '鬼怒川ゴム工業'),
(3654, 5, '亀屋万年堂'),
(3655, 5, '亀田製菓'),
(3656, 5, '技研興業'),
(3657, 5, '技研製作所'),
(3658, 5, '菊水化学工業'),
(3659, 5, '菊水電子工業'),
(3660, 5, '菊正宗酒造'),
(3661, 5, '菊川鉄工所'),
(3662, 5, '菊池プレス工業'),
(3663, 5, '久光製薬'),
(3664, 5, '久世'),
(3665, 5, '宮'),
(3666, 5, '宮田工業'),
(3667, 5, '牛乳石鹸共進社'),
(3668, 5, '魚力'),
(3669, 5, '京セラ'),
(3670, 5, '京王電鉄'),
(3671, 5, '京王百貨店'),
(3672, 5, '京極運輸商事'),
(3673, 5, '京阪電気'),
(3674, 5, '京三製作所'),
(3675, 5, '京進'),
(3676, 5, '京成電鉄'),
(3677, 5, '京樽'),
(3678, 5, '京都ホテル'),
(3679, 5, '京浜急行電鉄'),
(3680, 5, '共信テクノソニック'),
(3681, 5, '共成レンテム'),
(3682, 5, '共同印刷'),
(3683, 5, '共立メンテナンス'),
(3684, 5, '共和工業所'),
(3685, 5, '共和電業'),
(3686, 5, '協同飼料'),
(3687, 5, '協同乳業'),
(3688, 5, '協立電機'),
(3689, 5, '協和醗酵工業'),
(3690, 5, '興研'),
(3691, 5, '興和'),
(3692, 5, '興和紡績'),
(3693, 5, '暁飯島工業'),
(3694, 5, '極東開発工業'),
(3695, 5, '極東貿易'),
(3696, 5, '錦松梅'),
(3697, 5, '近畿車輛'),
(3698, 5, '近畿日本ツーリスト'),
(3699, 5, '近江兄弟社'),
(3700, 5, '近鉄エクスプレス'),
(3701, 5, '近鉄百貨店'),
(3702, 5, '銀座コージーコーナー'),
(3703, 5, '銀座ルノアール'),
(3704, 5, '熊谷組'),
(3705, 5, '栗本鐵工所'),
(3706, 5, '群栄化学工業'),
(3707, 5, '穴吹興産'),
(3708, 5, '月桂冠'),
(3709, 5, '月星化成'),
(3710, 5, '兼房'),
(3711, 5, '元気寿司'),
(3712, 5, '元旦ビューティ工業'),
(3713, 5, '原信'),
(3714, 5, '原田工業'),
(3715, 5, '幻冬舎'),
(3716, 5, '古河機械金属'),
(3717, 5, '古河電気工業'),
(3718, 5, '古河電池'),
(3719, 5, '古野電気'),
(3720, 5, '戸上電機製作所'),
(3721, 5, '湖池屋'),
(3722, 5, '虎屋'),
(3723, 5, '五洋インテックス'),
(3724, 5, '互応化学工業'),
(3725, 5, '呉羽化学工業'),
(3726, 5, '光彩工芸'),
(3727, 5, '光世証券'),
(3728, 5, '光通信'),
(3729, 5, '光陽社'),
(3730, 5, '公益社'),
(3731, 5, '幸楽苑'),
(3732, 5, '江崎グリコ'),
(3733, 5, '江守商事'),
(3734, 5, '講談社'),
(3735, 5, '鉱研工業'),
(3736, 5, '高岳製作所'),
(3737, 5, '高橋カーテンウォール工業'),
(3738, 5, '高見沢サイバネティックス'),
(3739, 5, '高砂香料工業'),
(3740, 5, '高砂鐵工'),
(3741, 5, '高千穂電気'),
(3742, 5, '高速'),
(3743, 5, '高田工業所'),
(3744, 5, '高島'),
(3745, 5, '高島屋'),
(3746, 5, '合同製鐵'),
(3747, 5, '国際航業'),
(3748, 5, '国際放映'),
(3749, 5, '国土環境'),
(3750, 5, '黒田電気'),
(3751, 5, '今仙電機製作所'),
(3752, 5, '佐川急便'),
(3753, 5, '佐藤食品工業'),
(3754, 5, '佐藤食品工業'),
(3755, 5, '佐藤製薬'),
(3756, 5, '再春舘製薬所'),
(3757, 5, '阪急交通社'),
(3758, 5, '阪急交通社'),
(3759, 5, '阪急電鉄'),
(3760, 5, '阪急百貨店'),
(3761, 5, '阪神電気鉄道'),
(3762, 5, '阪神百貨店'),
(3763, 5, '阪和興業'),
(3764, 5, '崎陽軒'),
(3765, 5, '崎陽軒'),
(3766, 5, '三愛石油'),
(3767, 5, '三井グリーンランド'),
(3768, 5, '三井ハイテック'),
(3769, 5, '三井海洋開発'),
(3770, 5, '三井金属鉱業'),
(3771, 5, '三井住友フィナンシャルグループ'),
(3772, 5, '三井住友海上火災保険'),
(3773, 5, '三井住友銀行'),
(3774, 5, '三井情報開発'),
(3775, 5, '三井造船'),
(3776, 5, '三井不動産'),
(3777, 5, '三井物産'),
(3778, 5, '三浦工業'),
(3779, 5, '三越'),
(3780, 5, '三笠製薬'),
(3781, 5, '三起商行'),
(3782, 5, '三共'),
(3783, 5, '三協フロンテア'),
(3784, 5, '三光合成'),
(3785, 5, '三光産業'),
(3786, 5, '三光純薬'),
(3787, 5, '三光製作所'),
(3788, 5, '三幸'),
(3789, 5, '三社電機製作所'),
(3790, 5, '三省堂書店'),
(3791, 5, '三信建設工業'),
(3792, 5, '三精輸送機'),
(3793, 5, '三相電機'),
(3794, 5, '三谷産業'),
(3795, 5, '三菱ウェルファーマ'),
(3796, 5, '三菱マテリアル'),
(3797, 5, '三菱レイヨン'),
(3798, 5, '三菱鉛筆'),
(3799, 5, '三菱自動車工業'),
(3800, 5, '三菱商事'),
(3801, 5, '三菱地所'),
(3802, 5, '三菱電機'),
(3803, 5, '三菱東京フィナンシャル・グループ'),
(3804, 5, '三洋化成工業'),
(3805, 5, '三洋電機'),
(3806, 5, '三陽商会'),
(3807, 5, '三立製菓'),
(3808, 5, '三和シヤッター工業'),
(3809, 5, '三條機械製作所'),
(3810, 5, '参天製薬'),
(3811, 5, '山一電機'),
(3812, 5, '山九'),
(3813, 5, '山形屋海苔店'),
(3814, 5, '山崎製パン'),
(3815, 5, '山水電気'),
(3816, 5, '山田食品産業'),
(3817, 5, '山本海苔店'),
(3818, 5, '山本山'),
(3819, 5, '山洋工業'),
(3820, 5, '山洋電気'),
(3821, 5, '山陽電気鉄道'),
(3822, 5, '山陽特殊製鋼'),
(3823, 5, '山陽百貨店'),
(3824, 5, '産業経済新聞社'),
(3825, 5, '市光工業'),
(3826, 5, '指月電機製作所'),
(3827, 5, '資生堂'),
(3828, 5, '寺岡製作所'),
(3829, 5, '寺島薬局'),
(3830, 5, '持田製薬'),
(3831, 5, '自然堂'),
(3832, 5, '自動車鋳物'),
(3833, 5, '自動車部品工業'),
(3834, 5, '鹿島建設'),
(3835, 5, '七十七銀行'),
(3836, 5, '芝浦電子'),
(3837, 5, '蛇の目ミシン工業'),
(3838, 5, '酒井重工業'),
(3839, 5, '寿製菓'),
(3840, 5, '秀英予備校'),
(3841, 5, '集英社'),
(3842, 5, '住金物産'),
(3843, 5, '住商オートリース'),
(3844, 5, '住商メタレックス'),
(3845, 5, '住商リース'),
(3846, 5, '住生活グループ'),
(3847, 5, '住友ゴム工業'),
(3848, 5, '住友スリーエム'),
(3849, 5, '住友チタニウム'),
(3850, 5, '住友化学'),
(3851, 5, '住友金属工業'),
(3852, 5, '住友金属鉱山'),
(3853, 5, '住友重機械工業'),
(3854, 5, '住友商事'),
(3855, 5, '住友生命保険'),
(3856, 5, '住友精化'),
(3857, 5, '住友製薬'),
(3858, 5, '住友電気工業'),
(3859, 5, '住友不動産'),
(3860, 5, '住友林業'),
(3861, 5, '十字屋'),
(3862, 5, '出光興産'),
(3863, 5, '春華堂'),
(3864, 5, '春日井製菓'),
(3865, 5, '春日電機'),
(3866, 5, '駿河精機'),
(3867, 5, '初穂商事'),
(3868, 5, '曙ブレーキ工業'),
(3869, 5, '助川電気工業'),
(3870, 5, '商船三井'),
(3871, 5, '小学館'),
(3872, 5, '小岩井乳業'),
(3873, 5, '小糸工業'),
(3874, 5, '小糸製作所'),
(3875, 5, '小松製作所'),
(3876, 5, '小森コーポレーション'),
(3877, 5, '小泉産業'),
(3878, 5, '小僧寿し本部'),
(3879, 5, '小倉クラッチ'),
(3880, 5, '小池酸素工業'),
(3881, 5, '小田急電鉄'),
(3882, 5, '小田急百貨店'),
(3883, 5, '小田原エンジニアリング'),
(3884, 5, '小島鉄工所'),
(3885, 5, '小野建'),
(3886, 5, '小野産業'),
(3887, 5, '小野薬品工業'),
(3888, 5, '小林製薬'),
(3889, 5, '昭光通商'),
(3890, 5, '昭文社'),
(3891, 5, '昭和シェル石油'),
(3892, 5, '昭和化学工業'),
(3893, 5, '昭和産業'),
(3894, 5, '昭和情報機器'),
(3895, 5, '昭和真空'),
(3896, 5, '昭和炭酸'),
(3897, 5, '昭和鉄工'),
(3898, 5, '昭和飛行機工業'),
(3899, 5, '松下電工'),
(3900, 5, '松下電工インフォメーションシステムズ'),
(3901, 5, '松坂屋'),
(3902, 5, '松竹'),
(3903, 5, '松風'),
(3904, 5, '松本油脂製薬'),
(3905, 5, '象印マホービン'),
(3906, 5, '上新電機'),
(3907, 5, '上組'),
(3908, 5, '城南進学研究社'),
(3909, 5, '常盤薬品'),
(3910, 5, '常磐興産'),
(3911, 5, '情報技術開発'),
(3912, 5, '殖産銀行'),
(3913, 5, '信越ポリマー'),
(3914, 5, '信越化学工業'),
(3915, 5, '新キャタピラー三菱'),
(3916, 5, '新家工業'),
(3917, 5, '新興プランテック'),
(3918, 5, '新光証券'),
(3919, 5, '新光製糖'),
(3920, 5, '新晃工業'),
(3921, 5, '新三井製糖'),
(3922, 5, '新神戸電機'),
(3923, 5, '新星堂'),
(3924, 5, '新生銀行'),
(3925, 5, '新潮社'),
(3926, 5, '新電元工業'),
(3927, 5, '新東工業'),
(3928, 5, '新日鉱ホールディングス'),
(3929, 5, '新日本建物'),
(3930, 5, '新日本製鐵'),
(3931, 5, '新日本石油'),
(3932, 5, '新日本無線'),
(3933, 5, '新日本理化'),
(3934, 5, '新明和工業'),
(3935, 5, '森ビル'),
(3936, 5, '森永製菓'),
(3937, 5, '森永乳業'),
(3938, 5, '森下仁丹'),
(3939, 5, '神戸屋'),
(3940, 5, '神戸製鋼所'),
(3941, 5, '神港魚類'),
(3942, 5, '神鋼鋼線工業'),
(3943, 5, '神鋼造機'),
(3944, 5, '神鋼電機'),
(3945, 5, '神姫バス'),
(3946, 5, '進学会'),
(3947, 5, '図研'),
(3948, 5, '杉田エース'),
(3949, 5, '世界長'),
(3950, 5, '成和産業'),
(3951, 5, '星和電機'),
(3952, 5, '正栄食品工業'),
(3953, 5, '正興電機製作所'),
(3954, 5, '清水建設'),
(3955, 5, '西川ゴム工業'),
(3956, 5, '西川計測'),
(3957, 5, '西川産業'),
(3958, 5, '西濃運輸'),
(3959, 5, '西菱電機'),
(3960, 5, '西武鉄道'),
(3961, 5, '西武百貨店'),
(3962, 5, '西友'),
(3963, 5, '青山商事'),
(3964, 5, '静岡スバル自動車'),
(3965, 5, '石井鐵工所'),
(3966, 5, '石原産業'),
(3967, 5, '石光商事'),
(3968, 5, '石川島運搬械株'),
(3969, 5, '石川島播磨重工業'),
(3970, 5, '石塚硝子'),
(3971, 5, '積水ハウス'),
(3972, 5, '積水化学工業'),
(3973, 5, '積水工機製作所'),
(3974, 5, '赤城乳業'),
(3975, 5, '赤福'),
(3976, 5, '雪印種苗'),
(3977, 5, '雪印乳業'),
(3978, 5, '千趣会'),
(3979, 5, '千代田インテグレ'),
(3980, 5, '川口化学工業'),
(3981, 5, '川崎化成工業'),
(3982, 5, '川崎汽船'),
(3983, 5, '川崎近海汽船'),
(3984, 5, '川崎重工業'),
(3985, 5, '川重防災工業'),
(3986, 5, '川重冷熱工業'),
(3987, 5, '川上塗料'),
(3988, 5, '川澄化学工業'),
(3989, 5, '川田工業'),
(3990, 5, '川辺'),
(3991, 5, '川本産業'),
(3992, 5, '泉州電業'),
(3993, 5, '浅香工業'),
(3994, 5, '浅田飴'),
(3995, 5, '船井電機'),
(3996, 5, '前田製菓'),
(3997, 5, '前澤給装工業'),
(3998, 5, '前澤工業'),
(3999, 5, '全教研'),
(4000, 5, '全日空ビルディング'),
(4001, 5, '全日本空輸'),
(4002, 5, '曽田香料'),
(4003, 5, '創健社'),
(4004, 5, '創建ホームズ'),
(4005, 5, '創通エージェンシー'),
(4006, 5, '双信電機'),
(4007, 5, '倉元製作所'),
(4008, 5, '倉敷機械'),
(4009, 5, '倉敷紡績'),
(4010, 5, '相鉄ローゼン'),
(4011, 5, '相模ハム'),
(4012, 5, '総合メディカル'),
(4013, 5, '総合医科学研究所'),
(4014, 5, '総合商研'),
(4015, 5, '綜研化学'),
(4016, 5, '綜合警備保障'),
(4017, 5, '綜合臨床薬理研究所'),
(4018, 5, '蔵王産業'),
(4019, 5, '損害保険ジャパン'),
(4020, 5, '村上開明堂'),
(4021, 5, '村田製作所'),
(4022, 5, '太田胃散'),
(4023, 5, '太平製作所'),
(4024, 5, '太平電業'),
(4025, 5, '太平洋セメント'),
(4026, 5, '太平洋工業'),
(4027, 5, '太洋興業'),
(4028, 5, '太洋物産'),
(4029, 5, '太陽インキ製造'),
(4030, 5, '太陽誘電'),
(4031, 5, '大運'),
(4032, 5, '大栄太源'),
(4033, 5, '大王製紙'),
(4034, 5, '大関'),
(4035, 5, '大丸'),
(4036, 5, '大丸エナウィン'),
(4037, 5, '大気社'),
(4038, 5, '大京'),
(4039, 5, '大隈豊和機械'),
(4040, 5, '大建工業'),
(4041, 5, '大阪製鐵'),
(4042, 5, '大新東'),
(4043, 5, '大森屋'),
(4044, 5, '大真空'),
(4045, 5, '大成'),
(4046, 5, '大成建設'),
(4047, 5, '大正製薬'),
(4048, 5, '大倉工業'),
(4049, 5, '大塚家具'),
(4050, 5, '大塚商会'),
(4051, 5, '大塚食品'),
(4052, 5, '大塚製薬'),
(4053, 5, '大東建託'),
(4054, 5, '大同メタル工業'),
(4055, 5, '大同工業'),
(4056, 5, '大同特殊鋼'),
(4057, 5, '大日本インキ化学'),
(4058, 5, '大日本コンサルタント'),
(4059, 5, '大日本スクリーン製造'),
(4060, 5, '大日本印刷'),
(4061, 5, '大日本除虫菊'),
(4062, 5, '大日本塗料'),
(4063, 5, '大豊工業'),
(4064, 5, '大鵬薬品工業'),
(4065, 5, '大木'),
(4066, 5, '大陽日酸'),
(4067, 5, '大林組'),
(4068, 5, '大和ハウス工業'),
(4069, 5, '大和フーヅ'),
(4070, 5, '大和証券グループ本社'),
(4071, 5, '大和電設工業'),
(4072, 5, '第一屋製パン'),
(4073, 5, '第一交通産業'),
(4074, 5, '第一生命保険'),
(4075, 5, '第一製薬'),
(4076, 5, '第一中央汽船'),
(4077, 5, '滝澤鉄工所'),
(4078, 5, '瀧上工業'),
(4079, 5, '沢の鶴'),
(4080, 5, '沢井製薬'),
(4081, 5, '辰馬本家酒造'),
(4082, 5, '丹青社'),
(4083, 5, '丹平製薬'),
(4084, 5, '知多鋼業'),
(4085, 5, '池上通信機'),
(4086, 5, '池田模範堂'),
(4087, 5, '竹屋'),
(4088, 5, '竹中工務店'),
(4089, 5, '竹内製作所'),
(4090, 5, '中央可鍛工業'),
(4091, 5, '中央経済社'),
(4092, 5, '中央製作所'),
(4093, 5, '中央電気工業'),
(4094, 5, '中央発條'),
(4095, 5, '中外製薬'),
(4096, 5, '中京医薬品'),
(4097, 5, '中山'),
(4098, 5, '中西製作所'),
(4099, 5, '中川無線電機'),
(4100, 5, '中村屋'),
(4101, 5, '中日本興業'),
(4102, 5, '中部鋼板'),
(4103, 5, '中部水産'),
(4104, 5, '中野物産'),
(4105, 5, '中野冷機'),
(4106, 5, '朝日ラバー'),
(4107, 5, '朝日ラバー'),
(4108, 5, '朝日工業社'),
(4109, 5, '朝日新聞社'),
(4110, 5, '朝日生命保険'),
(4111, 5, '長大'),
(4112, 5, '長谷工コーポレーション'),
(4113, 5, '長谷川香料'),
(4114, 5, '鳥越製粉'),
(4115, 5, '津田駒工業'),
(4116, 5, '鶴弥'),
(4117, 5, '帝国データーバンク'),
(4118, 5, '帝国ピストンリング'),
(4119, 5, '帝国石油'),
(4120, 5, '帝国通信工業'),
(4121, 5, '帝人'),
(4122, 5, '帝都ゴム'),
(4123, 5, '天満屋ストア'),
(4124, 5, '天龍木材'),
(4125, 5, '田中精密工業'),
(4126, 5, '田淵電機'),
(4127, 5, '田淵電機'),
(4128, 5, '田辺製薬'),
(4129, 5, '電通テック'),
(4130, 5, '電通国際情報サービス'),
(4131, 5, '都築電産'),
(4132, 5, '島精機製作所'),
(4133, 5, '島津製作所'),
(4134, 5, '島田理化工業'),
(4135, 5, '東ソー'),
(4136, 5, '東ハト'),
(4137, 5, '東リ'),
(4138, 5, '東レ'),
(4139, 5, '東亜ディーケーケー'),
(4140, 5, '東亜石油'),
(4141, 5, '東映');
INSERT INTO `tb_element` (`eid`, `sid`, `ename`) VALUES
(4142, 5, '東映アニメーション'),
(4143, 5, '東映ラボ・テック'),
(4144, 5, '東栄リーファーライン'),
(4145, 5, '東海アルミ箔'),
(4146, 5, '東海カーボン'),
(4147, 5, '東海ゴム工業'),
(4148, 5, '東海リース'),
(4149, 5, '東海汽船'),
(4150, 5, '東海染工'),
(4151, 5, '東海物産'),
(4152, 5, '東急コミュニティー'),
(4153, 5, '東急リバブル'),
(4154, 5, '東急観光'),
(4155, 5, '東急建設'),
(4156, 5, '東急百貨店'),
(4157, 5, '東急不動産'),
(4158, 5, '東京エレクトロン'),
(4159, 5, '東京エレクトロンデバイス'),
(4160, 5, '東京カソード研究所'),
(4161, 5, '東京コスモス電機'),
(4162, 5, '東京テアトル'),
(4163, 5, '東京ドーム'),
(4164, 5, '東京リスマチック'),
(4165, 5, '東京海上日動火災保険'),
(4166, 5, '東京楽天地'),
(4167, 5, '東京貴宝'),
(4168, 5, '東京急行電鉄'),
(4169, 5, '東京衡機製造所'),
(4170, 5, '東京三菱銀行'),
(4171, 5, '東京産業'),
(4172, 5, '東京自働機械製作所'),
(4173, 5, '東京製綱'),
(4174, 5, '東京電波'),
(4175, 5, '東京特殊電線'),
(4176, 5, '東京放送'),
(4177, 5, '東京會舘'),
(4178, 5, '東計電算'),
(4179, 5, '東研'),
(4180, 5, '東光電気'),
(4181, 5, '東芝'),
(4182, 5, '東芝イーエムアイ'),
(4183, 5, '東芝テック'),
(4184, 5, '東芝プラントシステム'),
(4185, 5, '東芝機械'),
(4186, 5, '東祥'),
(4187, 5, '東天紅'),
(4188, 5, '東陶機器'),
(4189, 5, '東日本ハウス'),
(4190, 5, '東日本旅客鉄道'),
(4191, 5, '東燃ゼネラル石油'),
(4192, 5, '東武ストア'),
(4193, 5, '東武鉄道'),
(4194, 5, '東武百貨店'),
(4195, 5, '東部ネットワーク'),
(4196, 5, '東宝'),
(4197, 5, '東邦システムサイエンス'),
(4198, 5, '東邦亜鉛'),
(4199, 5, '東邦金属'),
(4200, 5, '東邦建'),
(4201, 5, '東邦薬品'),
(4202, 5, '東北新社'),
(4203, 5, '東洋インキ製造'),
(4204, 5, '東洋エンジニアリング'),
(4205, 5, '東洋ゴム工業'),
(4206, 5, '東洋シヤッター'),
(4207, 5, '東洋合成工業'),
(4208, 5, '東洋水産'),
(4209, 5, '東洋製罐'),
(4210, 5, '東洋電機'),
(4211, 5, '東洋埠頭'),
(4212, 5, '東洋紡績'),
(4213, 5, '東洋刄物'),
(4214, 5, '東陽テクニカ'),
(4215, 5, '東陽倉庫'),
(4216, 5, '東和メックス'),
(4217, 5, '東和薬品'),
(4218, 5, '東亞合成'),
(4219, 5, '桃屋'),
(4220, 5, '藤久'),
(4221, 5, '藤森工業'),
(4222, 5, '藤倉ゴム工業'),
(4223, 5, '藤倉化成'),
(4224, 5, '藤田観光'),
(4225, 5, '藤和不動産'),
(4226, 5, '読売新聞グループ本社'),
(4227, 5, '凸版印刷'),
(4228, 5, '那須電機鉄工'),
(4229, 5, '内田洋行'),
(4230, 5, '南海プライウッド'),
(4231, 5, '南海電気鉄道'),
(4232, 5, '南総通運'),
(4233, 5, '南部化成'),
(4234, 5, '南陽'),
(4235, 5, '二プロ'),
(4236, 5, '二階堂酒造'),
(4237, 5, '二階堂酒造'),
(4238, 5, '日亜鋼業'),
(4239, 5, '日華化学'),
(4240, 5, '日機装'),
(4241, 5, '日興コーディアル　グループ'),
(4242, 5, '日興コーディアル証券'),
(4243, 5, '日工'),
(4244, 5, '日阪製作所'),
(4245, 5, '日産自動車'),
(4246, 5, '日商エレクトロニクス'),
(4247, 5, '日信工業'),
(4248, 5, '日信電子サービス'),
(4249, 5, '日新製鋼'),
(4250, 5, '日水製薬'),
(4251, 5, '日清オイリオグループ'),
(4252, 5, '日清医療食品'),
(4253, 5, '日清食品'),
(4254, 5, '日清製粉グループ本社'),
(4255, 5, '日清紡績'),
(4256, 5, '日精エー・エス・ビー機械'),
(4257, 5, '日置電機'),
(4258, 5, '日鉄鋼管'),
(4259, 5, '日鉄鋼板'),
(4260, 5, '日東化工'),
(4261, 5, '日東工器'),
(4262, 5, '日東工業'),
(4263, 5, '日東精工'),
(4264, 5, '日東電工'),
(4265, 5, '日東富士製粉'),
(4266, 5, '日東紡績'),
(4267, 5, '日特エンジニアリング'),
(4268, 5, '日発販売'),
(4269, 5, '日邦産業'),
(4270, 5, '日本IBM'),
(4271, 5, '日本アイ・ビー・エム'),
(4272, 5, '日本アビオニクス'),
(4273, 5, '日本アムウェイ'),
(4274, 5, '日本アルミ'),
(4275, 5, '日本ウェーブロックホールディングス'),
(4276, 5, '日本エアーテック'),
(4277, 5, '日本エイム'),
(4278, 5, '日本エス・エイチ・エル'),
(4279, 5, '日本エスコン'),
(4280, 5, '日本エスリード'),
(4281, 5, '日本エム・ディ・エム'),
(4282, 5, '日本エンタープライズ'),
(4283, 5, '日本オプティカル'),
(4284, 5, '日本カーボン'),
(4285, 5, '日本カーリット'),
(4286, 5, '日本ギア工業'),
(4287, 5, '日本グッドイヤー'),
(4288, 5, '日本ケミコン'),
(4289, 5, '日本ケミファ'),
(4290, 5, '日本ケロッグ'),
(4291, 5, '日本ケンタッキー・フライド・チキン'),
(4292, 5, '日本コカ・コーラ'),
(4293, 5, '日本コンベヤ'),
(4294, 5, '日本サンガリアベバレッジカンパニー'),
(4295, 5, '日本サンガリアベバレッジカンパニー'),
(4296, 5, '日本シイエムケイ'),
(4297, 5, '日本システムウエア'),
(4298, 5, '日本システムディベロップメント'),
(4299, 5, '日本シャクリー'),
(4300, 5, '日本ジャンボー'),
(4301, 5, '日本スピンドル製造'),
(4302, 5, '日本ゼオン'),
(4303, 5, '日本ゼニスパイプ'),
(4304, 5, '日本セラテック'),
(4305, 5, '日本たばこ産業'),
(4306, 5, '日本デルモンテ'),
(4307, 5, '日本テレビ放送網'),
(4308, 5, '日本トイザらス'),
(4309, 5, '日本トランスシティ'),
(4310, 5, '日本トリム'),
(4311, 5, '日本パーカライジング'),
(4312, 5, '日本ハウズイング'),
(4313, 5, '日本ハム'),
(4314, 5, '日本バルカー工業'),
(4315, 5, '日本パレットプール'),
(4316, 5, '日本ビクター'),
(4317, 5, '日本ビジネスコンピューター'),
(4318, 5, '日本ピラー工業'),
(4319, 5, '日本ファイリング'),
(4320, 5, '日本ファルコム'),
(4321, 5, '日本フイルコン'),
(4322, 5, '日本フェンオール'),
(4323, 5, '日本プロセス'),
(4324, 5, '日本ペイント'),
(4325, 5, '日本ペットフード'),
(4326, 5, '日本ベルックス'),
(4327, 5, '日本ポラロイド'),
(4328, 5, '日本マイクロニクス'),
(4329, 5, '日本マクドナルドホールディングス'),
(4330, 5, '日本マタイ'),
(4331, 5, '日本ミクロコーティング'),
(4332, 5, '日本ミシュランタイヤ'),
(4333, 5, '日本ユニシス'),
(4334, 5, '日本ユピカ'),
(4335, 5, '日本ライフライン'),
(4336, 5, '日本ルツボ'),
(4337, 5, '日本レストランシステム'),
(4338, 5, '日本レヂボン'),
(4339, 5, '日本ロジステック'),
(4340, 5, '日本ロジテム'),
(4341, 5, '日本ロレアル'),
(4342, 5, '日本ロングライフ'),
(4343, 5, '日本医療事務センター'),
(4344, 5, '日本化薬'),
(4345, 5, '日本科学冶金'),
(4346, 5, '日本開閉器工業'),
(4347, 5, '日本碍子'),
(4348, 5, '日本管財'),
(4349, 5, '日本橋梁'),
(4350, 5, '日本興業'),
(4351, 5, '日本金属'),
(4352, 5, '日本金属工業'),
(4353, 5, '日本空調サービス'),
(4354, 5, '日本軽金属'),
(4355, 5, '日本建鉄'),
(4356, 5, '日本工業検査'),
(4357, 5, '日本航空'),
(4358, 5, '日本航空電子工業'),
(4359, 5, '日本高純度化学'),
(4360, 5, '日本山村硝子'),
(4361, 5, '日本紙パルプ商事'),
(4362, 5, '日本写真印刷'),
(4363, 5, '日本上下水道設計'),
(4364, 5, '日本色材工業研究所'),
(4365, 5, '日本触媒'),
(4366, 5, '日本伸銅'),
(4367, 5, '日本信号'),
(4368, 5, '日本信販'),
(4369, 5, '日本新薬'),
(4370, 5, '日本生命保険'),
(4371, 5, '日本盛'),
(4372, 5, '日本精化'),
(4373, 5, '日本精機'),
(4374, 5, '日本精線'),
(4375, 5, '日本製鋼所'),
(4376, 5, '日本製箔'),
(4377, 5, '日本製粉'),
(4378, 5, '日本通運'),
(4379, 5, '日本甜菜製糖'),
(4380, 5, '日本電気'),
(4381, 5, '日本電気硝子'),
(4382, 5, '日本電計'),
(4383, 5, '日本電工'),
(4384, 5, '日本電産コパル'),
(4385, 5, '日本電産コパル'),
(4386, 5, '日本電産サンキョー'),
(4387, 5, '日本電子'),
(4388, 5, '日本電子計算'),
(4389, 5, '日本電信電話'),
(4390, 5, '日本電線工業'),
(4391, 5, '日本特殊塗料'),
(4392, 5, '日本特殊陶業'),
(4393, 5, '日本農産工業'),
(4394, 5, '日本農薬'),
(4395, 5, '日本配合飼料'),
(4396, 5, '日本発条'),
(4397, 5, '日本板硝子'),
(4398, 5, '日本文芸社'),
(4399, 5, '日本放送協会'),
(4400, 5, '日本無線'),
(4401, 5, '日本毛織'),
(4402, 5, '日本冶金工業'),
(4403, 5, '日本油脂'),
(4404, 5, '日本郵船'),
(4405, 5, '日本旅行'),
(4406, 5, '日野自動車'),
(4407, 5, '日立プラントテクノロジー'),
(4408, 5, '日立マクセル'),
(4409, 5, '日立化成工業'),
(4410, 5, '日立機材'),
(4411, 5, '日立金属'),
(4412, 5, '日立工機'),
(4413, 5, '日立国際電気'),
(4414, 5, '日立情報システムズ'),
(4415, 5, '日立製作所'),
(4416, 5, '日立造船'),
(4417, 5, '日立電線'),
(4418, 5, '日立物流'),
(4419, 5, '日立粉末冶金'),
(4420, 5, '日鐵ドラム'),
(4421, 5, '任天堂'),
(4422, 5, '萩原電気'),
(4423, 5, '伯東'),
(4424, 5, '博報堂DYホールディングス'),
(4425, 5, '白元'),
(4426, 5, '白子'),
(4427, 5, '白青舎'),
(4428, 5, '白鶴酒造'),
(4429, 5, '白銅'),
(4430, 5, '白洋舎'),
(4431, 5, '飯田産業'),
(4432, 5, '卑弥呼'),
(4433, 5, '飛島建設'),
(4434, 5, '樋屋製薬'),
(4435, 5, '尾家産業'),
(4436, 5, '菱食'),
(4437, 5, '菱洋エレクトロ'),
(4438, 5, '浜井産業'),
(4439, 5, '浜松ホトニクス'),
(4440, 5, '不易糊工業'),
(4441, 5, '不二サッシ'),
(4442, 5, '不二越'),
(4443, 5, '不二家'),
(4444, 5, '富国生命保険'),
(4445, 5, '富山化学工業'),
(4446, 5, '富士エレクトロニクス'),
(4447, 5, '富士ゼロックス'),
(4448, 5, '富士火災海上保険'),
(4449, 5, '富士写真フイルム'),
(4450, 5, '富士重工業'),
(4451, 5, '富士精工'),
(4452, 5, '富士通'),
(4453, 5, '富士通アクセス'),
(4454, 5, '富士通サポートアンドサービス'),
(4455, 5, '富士通ゼネラル'),
(4456, 5, '富士通ビー・エス・シー'),
(4457, 5, '富士通フロンテック'),
(4458, 5, '富士電機ホールディングス'),
(4459, 5, '富士物流'),
(4460, 5, '富士変速機'),
(4461, 5, '富士紡績'),
(4462, 5, '扶桑レクセル'),
(4463, 5, '扶桑化学工業'),
(4464, 5, '敷島製パン'),
(4465, 5, '武井工業所'),
(4466, 5, '武蔵精密工業'),
(4467, 5, '武田薬品工業'),
(4468, 5, '武富士'),
(4469, 5, '福井コンピュータ'),
(4470, 5, '福山コンサルタント'),
(4471, 5, '福山通運'),
(4472, 5, '福助'),
(4473, 5, '福島工業'),
(4474, 5, '福留ハム'),
(4475, 5, '文化シヤッター'),
(4476, 5, '文教堂'),
(4477, 5, '文明堂日本橋店'),
(4478, 5, '文溪堂'),
(4479, 5, '文藝春秋'),
(4480, 5, '兵機海運'),
(4481, 5, '平安レイサービス'),
(4482, 5, '平賀'),
(4483, 5, '平成ポリマー'),
(4484, 5, '平和'),
(4485, 5, '平和紙業'),
(4486, 5, '米久'),
(4487, 5, '保土谷化学工業'),
(4488, 5, '宝印刷'),
(4489, 5, '宝酒造'),
(4490, 5, '宝酒造'),
(4491, 5, '豊田自動織機'),
(4492, 5, '豊和工業'),
(4493, 5, '北越メタル'),
(4494, 5, '北越工業'),
(4495, 5, '北海道国際航空'),
(4496, 5, '北興化学工業'),
(4497, 5, '北川工業'),
(4498, 5, '北川精機'),
(4499, 5, '北沢産業'),
(4500, 5, '北雄ラッキー'),
(4501, 5, '牧野フライス製作所'),
(4502, 5, '堀場製作所'),
(4503, 5, '堀内カラー'),
(4504, 5, '本間ゴルフ'),
(4505, 5, '本州化学工業'),
(4506, 5, '本田技研工業'),
(4507, 5, '毎日新聞社'),
(4508, 5, '万有製薬'),
(4509, 5, '味の素'),
(4510, 5, '味の素ゼネラルフーヅ'),
(4511, 5, '夢真ホールディングス'),
(4512, 5, '名機製作所'),
(4513, 5, '名古屋電機工業'),
(4514, 5, '名古屋木材'),
(4515, 5, '名港海運'),
(4516, 5, '明光ネットワークジャパン'),
(4517, 5, '明光商会'),
(4518, 5, '明治'),
(4519, 5, '明治安田生命保険'),
(4520, 5, '明治機械'),
(4521, 5, '明治乳業'),
(4522, 5, '明星工業'),
(4523, 5, '明星食品'),
(4524, 5, '明電舎'),
(4525, 5, '明和地所'),
(4526, 5, '毛髪クリニックリーブ21'),
(4527, 5, '木曽路'),
(4528, 5, '木村屋總本店'),
(4529, 5, '木徳神糧'),
(4530, 5, '野村ホールディングス'),
(4531, 5, '野村不動産'),
(4532, 5, '野村證券'),
(4533, 5, '野田スクリーン'),
(4534, 5, '油研工業'),
(4535, 5, '有楽土地'),
(4536, 5, '有沢製作所'),
(4537, 5, '養命酒製造'),
(4538, 5, '養老乃瀧'),
(4539, 5, '理研ビタミン'),
(4540, 5, '理想科学工業'),
(4541, 5, '立川ブラインド工業'),
(4542, 5, '龍角散'),
(4543, 5, '良品計画'),
(4544, 5, '林兼産業'),
(4545, 5, '鈴茂器工'),
(4546, 5, '鈴木金属工業'),
(4547, 5, '浪花屋製菓'),
(4548, 5, '昴'),
(4549, 5, '洸陽フューチャーズ'),
(4550, 5, '眞露ジャパン'),
(4551, 5, '翔泳社'),
(4552, 5, '靜甲'),
(4553, 5, '麒麟麦酒'),
(4554, 6, 'エネルギーITS推進事業'),
(4555, 6, '高速不揮発メモリ機能技術開発'),
(4556, 6, 'マルチコアファイバ光接続技術'),
(4557, 6, '先進的ICT国際標準化推進事業'),
(4558, 6, '革新型蓄電池先端科学基礎研究事業'),
(4559, 6, '革新的ガラス溶融プロセス技術開発'),
(4560, 6, 'プロトコル無依存リンク多重化技術'),
(4561, 6, '光多値伝送向け高性能信号処理技術'),
(4562, 6, '電磁波エネルギー回収技術の研究開発'),
(4563, 6, '高効率ノンフロン型空調機器技術の開発'),
(4564, 6, '太陽熱エネルギー活用型住宅の技術開発'),
(4565, 6, '環境適応型小型航空機用エンジン研究開発'),
(4566, 6, '加入者ネットワーク多分岐化・長延化技術'),
(4567, 6, '安全・低コスト大規模蓄電システム技術開発'),
(4568, 6, '次世代半導体微細加工・評価基盤技術の開発'),
(4569, 6, 'サステナブルハイパーコンポジット技術の開発'),
(4570, 6, 'ノーマリーオフコンピューティング基盤技術開発'),
(4571, 6, '災害時に有効な衛星通信ネットワークの研究開発'),
(4572, 6, '基幹ネットワーク高速大容量化・低消費電力化技術'),
(4573, 6, '超高速・低消費電力光ネットワーク技術の研究開発'),
(4574, 6, '立体構造新機能集積回路（ドリームチップ）技術開発'),
(4575, 6, '異分野融合型次世代デバイス製造技術開発プロジェクト'),
(4576, 6, '「モノのインターネット」時代の通信規格の開発・実証'),
(4577, 6, '災害時避難所等における局所的同報配信技術の研究開発'),
(4578, 6, '小型航空機搭載用高分解能合成開口レーダーの研究開発'),
(4579, 6, '超電導技術開発／イットリウム系超電導電力機器技術開発'),
(4580, 6, 'スマートコミュニティにおけるエネルギーマネジメント通信技術'),
(4581, 6, '大規模災害時に被災地の通信能力を緊急増強する技術の研究開発'),
(4582, 6, '風力等自然エネルギー技術研究開発／海洋エネルギー技術研究開発'),
(4583, 6, '次世代プリンテッドエレクトロニクス材料・プロセス基盤技術開発'),
(4584, 6, '超高密度ナノビット磁気記録技術の開発（グリーンITプロジェクト）'),
(4585, 6, '大規模通信混雑時における通信処理機能のネットワーク化に関する研究開発'),
(4586, 6, '次世代大型有機ELディスプレイ基盤技術の開発（グリーンITプロジェクト）'),
(4685, 10, 'テープ\r\n'),
(4686, 10, '鉛筆\r'),
(4687, 10, 'インク\r'),
(4688, 10, '筆ペン\r'),
(4689, 10, 'クレヨン\r'),
(4690, 10, '消しゴム\r'),
(4691, 10, 'パステル\r'),
(4692, 10, 'ろう石\r'),
(4693, 10, '木炭\r'),
(4694, 10, 'ノート\r'),
(4695, 10, '手帳\r'),
(4696, 10, '黒板\r'),
(4697, 10, '画用紙\r'),
(4698, 10, 'ホッチキス\r'),
(4699, 10, 'クリップ\r'),
(4700, 10, '輪ゴム\r'),
(4701, 10, 'ファイル\r'),
(4702, 10, 'カチャック\r'),
(4703, 10, 'のり\r'),
(4704, 10, 'シール\r'),
(4705, 10, '電卓\r'),
(4706, 10, 'そろばん\r'),
(4707, 10, 'ブラシ\r'),
(4708, 10, 'スパナ\r'),
(4709, 10, 'かんな\r'),
(4710, 10, 'ドライバー\r'),
(4711, 10, 'カッター\r'),
(4712, 10, 'ニッパ\r'),
(4713, 10, 'のこぎり\r'),
(4714, 10, 'はさみ\r'),
(4715, 10, 'はしご\r'),
(4716, 10, 'ハンマー\r'),
(4717, 10, 'へら\r'),
(4718, 10, 'ペンチ\r'),
(4719, 10, 'レンチ\r'),
(4720, 10, '脚立\r'),
(4721, 10, '台車\r'),
(4722, 10, '溶接機\r'),
(4723, 10, 'ネジ\r'),
(4724, 10, 'ヤスリ\r'),
(4725, 10, '接着剤\r'),
(4726, 10, 'ブラシ\r'),
(4727, 10, 'ペンキ\r'),
(4728, 10, 'じょうろ\r'),
(4729, 10, 'シャベル\r'),
(4730, 10, 'ナタ\r'),
(4731, 10, '携帯電話\r'),
(4732, 10, 'ドアノブ\r'),
(4733, 11, 'ポテトヒップス\r\n'),
(4734, 11, 'あんころ焼き\r'),
(4735, 11, 'タバコ棒\r'),
(4736, 11, '海老の中華せん\r'),
(4737, 11, '檄辛！！名古屋風手羽巻き\r'),
(4738, 11, 'パチンコ玉のようなチョコボール\r'),
(4739, 11, 'ミルクとカフェオレ\r'),
(4740, 11, '棚からじゃないけどぼたもち\r'),
(4741, 11, 'クスクスBOX\r'),
(4742, 11, '揚げゼリー\r'),
(4743, 11, 'この味いいお味\r'),
(4744, 11, 'まずい棒\r'),
(4745, 11, 'アロエチョコ\r'),
(4746, 11, '占い太郎\r'),
(4747, 11, '熱い恋人\r'),
(4748, 11, 'よっとっと\r'),
(4749, 11, 'やっぱ海老せん\r'),
(4750, 11, 'シャリシャリさん\r'),
(4751, 11, 'きのたけの山里\r'),
(4752, 11, 'コーラミントガム\r'),
(4753, 11, 'よっ！パイ\r'),
(4754, 11, 'アヒルのマーチ\r'),
(4755, 11, 'サイコロ梅干し\r'),
(4756, 11, '黒い恋人\r'),
(4757, 11, '食べっこガキンチョ\r'),
(4758, 11, '池田屋\r'),
(4759, 11, 'アヒルチョコ\r'),
(4760, 11, 'ウッホ\r'),
(4761, 11, 'Ｂファルコン\r'),
(4762, 11, 'あせかきべそ焼き\r'),
(4763, 11, 'ピザ体\r'),
(4764, 11, 'DANGER!4つのガム\r'),
(4765, 11, '明日のチョコ\r'),
(4766, 11, 'クソウケ\r'),
(4767, 12, '2957-34834\r\n'),
(4768, 12, '2982-48592\r'),
(4769, 12, '5722-45903\r'),
(4770, 12, '9765-92075\r'),
(4771, 12, '8365-23986\r'),
(4772, 12, '2635-83262\r'),
(4773, 12, '8365-82653\r'),
(4774, 12, '2376-53834\r'),
(4775, 12, '8965-86236\r'),
(4776, 12, '6583-26653\r'),
(4777, 12, '9836-58236\r'),
(4778, 12, '6583-26523\r'),
(4779, 12, '9245-28937\r'),
(4780, 12, '2346-32865\r'),
(4781, 12, '5682-93652\r'),
(4782, 12, '9326-58623\r'),
(4783, 12, '6583-26895\r'),
(4784, 12, '2386-48323\r'),
(4785, 12, '9235-62656\r'),
(4786, 12, '5947-92374\r'),
(4787, 12, '6832-68236\r'),
(4788, 12, '8593-72975\r'),
(4789, 12, '9424-23563\r'),
(4790, 12, '1456-82164\r'),
(4791, 12, '2426-85862\r'),
(4792, 12, '7921-74921\r'),
(4793, 12, '3896-51389\r'),
(4794, 12, '4685-62186\r'),
(4795, 12, '8195-61865\r'),
(4796, 12, '2479-17475\r'),
(4797, 12, '7596-32864\r'),
(4798, 12, '6538-26489\r'),
(4799, 12, '9065-83265\r'),
(4800, 12, '8568-26383\r'),
(4801, 12, '4568-32656\r'),
(4802, 12, '5632-86592\r'),
(4803, 12, '6723-95790\r'),
(4804, 12, '9795-23795\r'),
(4805, 12, '4263-86583\r'),
(4806, 12, '7896-58236\r'),
(4807, 12, '8923-58632\r'),
(4808, 12, '9856-82365\r'),
(4809, 12, '3563-28623\r'),
(4810, 12, '5329-57275\r'),
(4811, 12, '5682-36582\r'),
(4812, 12, '8536-28652\r'),
(4813, 12, '5932-75320\r'),
(4814, 12, '4658-92665\r'),
(4815, 12, '2562-89653\r'),
(4816, 12, '1846-81453\r'),
(4817, 12, '9561-65939\r'),
(4818, 12, '5353-25236\r'),
(4819, 12, '8653-29655\r'),
(4820, 12, '9635-82633\r'),
(4821, 12, '7593-27579\r'),
(4822, 12, '3896-58239\r'),
(4823, 12, '9569-23865\r'),
(4824, 12, '7365-83256\r'),
(4825, 12, '3432-89565\r'),
(4826, 12, '2253-28656\r'),
(4827, 12, '8562-39655\r'),
(4828, 12, '1164-18616'),
(4991, 29, 'リーダー\r\n'),
(4992, 29, '一般\r'),
(4993, 29, 'サブリーダー\r'),
(4994, 29, '秘書\r'),
(4995, 29, '一般\r'),
(4996, 29, '人事部長\r'),
(4997, 29, '課長\r'),
(4998, 29, '会長\r'),
(4999, 29, '課長代理\r'),
(5014, 31, '青\r\n'),
(5015, 31, '赤\r'),
(5016, 31, '黄\r'),
(5017, 31, '緑\r'),
(5018, 31, '茶\r'),
(5019, 31, '灰\r'),
(5020, 31, 'ピンク\r'),
(5021, 31, '金\r'),
(5022, 31, '黄緑\r'),
(5023, 31, '水\r'),
(5024, 31, '虹\r'),
(5025, 31, '黒\r'),
(5026, 31, '白\r'),
(5027, 31, 'グレー\r');

-- --------------------------------------------------------

--
-- テーブルの構造 `tb_history`
--

CREATE TABLE IF NOT EXISTS `tb_history` (
  `hid` bigint(20) unsigned NOT NULL AUTO_INCREMENT,
  `hname` varchar(32) NOT NULL,
  `uid` varchar(16) NOT NULL,
  `hdate` date NOT NULL,
  `snum` int(11) NOT NULL,
  `enum` int(11) NOT NULL,
  PRIMARY KEY (`hid`),
  UNIQUE KEY `hid` (`hid`)
) ENGINE=InnoDB  DEFAULT CHARSET=utf8 AUTO_INCREMENT=3 ;

--
-- テーブルのデータのダンプ `tb_history`
--

INSERT INTO `tb_history` (`hid`, `hname`, `uid`, `hdate`, `snum`, `enum`) VALUES
(1, '女子学生就職先', 'admin', '2016-05-29', 3, 10),
(2, '女子学生道具', 'admin', '2016-05-29', 5, 20);

-- --------------------------------------------------------

--
-- テーブルの構造 `tb_subject`
--

CREATE TABLE IF NOT EXISTS `tb_subject` (
  `sid` int(11) NOT NULL AUTO_INCREMENT,
  `sname` varchar(20) NOT NULL,
  `type` int(11) NOT NULL,
  PRIMARY KEY (`sid`),
  UNIQUE KEY `sname` (`sname`)
) ENGINE=InnoDB  DEFAULT CHARSET=utf8 ROW_FORMAT=COMPACT AUTO_INCREMENT=33 ;

--
-- テーブルのデータのダンプ `tb_subject`
--

INSERT INTO `tb_subject` (`sid`, `sname`, `type`) VALUES
(1, '男の名前', 1),
(2, '女の名前', 1),
(3, '苗字', 1),
(4, '科目名', 1),
(5, '会社名', 1),
(6, 'プロジェクト名', 1),
(7, '整数', 2),
(9, 'シルアルナンバー', 3),
(10, '道具名 ', 1),
(12, '商品コード ', 1),
(29, '役職 ', 1),
(31, '色 ', 1);

-- --------------------------------------------------------

--
-- テーブルの構造 `tb_term_history`
--

CREATE TABLE IF NOT EXISTS `tb_term_history` (
  `hid` int(11) NOT NULL,
  `min` int(11) DEFAULT NULL,
  `max` int(11) DEFAULT NULL,
  `sid` int(11) NOT NULL,
  `len` int(11) DEFAULT NULL,
  `pref` varchar(255) DEFAULT NULL,
  `suf` varchar(255) DEFAULT NULL
) ENGINE=InnoDB DEFAULT CHARSET=utf8;

--
-- テーブルのデータのダンプ `tb_term_history`
--

INSERT INTO `tb_term_history` (`hid`, `min`, `max`, `sid`, `len`, `pref`, `suf`) VALUES
(1, NULL, NULL, 3, NULL, NULL, NULL),
(1, NULL, NULL, 2, NULL, NULL, NULL),
(1, NULL, NULL, 5, NULL, NULL, NULL),
(2, NULL, NULL, 3, NULL, '#', '#'),
(2, NULL, NULL, 2, NULL, NULL, NULL),
(2, 16, 20, 7, NULL, NULL, NULL),
(2, NULL, NULL, 31, NULL, NULL, NULL),
(2, NULL, NULL, 10, NULL, NULL, NULL);

-- --------------------------------------------------------

--
-- テーブルの構造 `tb_user`
--

CREATE TABLE IF NOT EXISTS `tb_user` (
  `uid` varchar(16) NOT NULL,
  `uname` varchar(32) NOT NULL,
  `upass` varchar(16) NOT NULL,
  `utype` int(11) NOT NULL DEFAULT '1',
  PRIMARY KEY (`uid`)
) ENGINE=InnoDB DEFAULT CHARSET=utf8;

--
-- テーブルのデータのダンプ `tb_user`
--

INSERT INTO `tb_user` (`uid`, `uname`, `upass`, `utype`) VALUES
('admin', '管理者', 'abcd', 9),
('iwahara', '岩原', '1234', 1),
('jj2013', 'じゅんや', 'junya', 1),
('k10jk026', 'みのる', 'minoru', 1),
('k12jk01111', 'たくや', 'takuya', 1),
('k4343', 'ひろのり', 'hironori', 1),
('nana991', 'こうじ', 'kouji', 1),
('pq911', 'せいぎ', 'seigi', 1),
('shingo', 'しんご', 'shingo', 1);

/*!40101 SET CHARACTER_SET_CLIENT=@OLD_CHARACTER_SET_CLIENT */;
/*!40101 SET CHARACTER_SET_RESULTS=@OLD_CHARACTER_SET_RESULTS */;
/*!40101 SET COLLATION_CONNECTION=@OLD_COLLATION_CONNECTION */;
